"date","inc100weekly"
1984-11-03,"125"
1984-11-10,"246"
1984-11-17,"159"
1984-11-24,"131"
1984-12-01,"143"
1984-12-08,"184"
1984-12-15,"225"
1984-12-22,"185"
1984-12-29,"154"
1985-01-05,"155"
1985-01-12,"177"
1985-01-19,"388"
1985-01-26,"770"
1985-02-02,"1155"
1985-02-09,"1026"
1985-02-16,"855"
1985-02-23,"707"
1985-03-02,"670"
1985-03-09,"640"
1985-03-16,"501"
1985-03-23,"445"
1985-03-30,"357"
1985-04-06,"244"
1985-04-13,"116"
1985-04-20,"91"
1985-04-27,"62"
1985-05-04,"74"
1985-05-11,"78"
1985-05-18,"51"
1985-05-25,"47"
1985-06-01,"44"
1985-06-08,"35"
1985-06-15,"36"
1985-06-22,"35"
1985-06-29,"34"
1985-07-06,"36"
1985-07-13,"26"
1985-07-20,"24"
1985-07-27,"21"
1985-08-03,"31"
1985-08-10,"14"
1985-08-17,"41"
1985-08-24,"73"
1985-08-31,"55"
1985-09-07,"51"
1985-09-14,"40"
1985-09-21,"50"
1985-09-28,"72"
1985-10-05,"90"
1985-10-12,"83"
1985-10-19,"138"
1985-10-26,"158"
1985-11-02,"122"
1985-11-09,"104"
1985-11-16,"128"
1985-11-23,"120"
1985-11-30,"124"
1985-12-07,"120"
1985-12-14,"156"
1985-12-21,"208"
1985-12-28,"157"
1986-01-04,"203"
1986-01-11,"322"
1986-01-18,"490"
1986-01-25,"629"
1986-02-01,"658"
1986-02-08,"793"
1986-02-15,"886"
1986-02-22,"810"
1986-03-01,"580"
1986-03-08,"464"
1986-03-15,"303"
1986-03-22,"225"
1986-03-29,"157"
1986-04-05,"90"
1986-04-12,"77"
1986-04-19,"74"
1986-04-26,"63"
1986-05-03,"57"
1986-05-10,"40"
1986-05-17,"31"
1986-05-24,"26"
1986-05-31,"18"
1986-06-07,"26"
1986-06-14,"20"
1986-06-21,"20"
1986-06-28,"16"
1986-07-05,"14"
1986-07-12,"4"
1986-07-19,"7"
1986-07-26,"4"
1986-08-02,"4"
1986-08-09,"2"
1986-08-16,"6"
1986-08-23,"10"
1986-08-30,"19"
1986-09-06,"17"
1986-09-13,"29"
1986-09-20,"48"
1986-09-27,"52"
1986-10-04,"60"
1986-10-11,"59"
1986-10-18,"57"
1986-10-25,"50"
1986-11-01,"52"
1986-11-08,"70"
1986-11-15,"58"
1986-11-22,"66"
1986-11-29,"83"
1986-12-06,"102"
1986-12-13,"133"
1986-12-20,"132"
1986-12-27,"138"
1987-01-03,"125"
1987-01-10,"133"
1987-01-17,"187"
1987-01-24,"285"
1987-01-31,"424"
1987-02-07,"533"
1987-02-14,"518"
1987-02-21,"391"
1987-02-28,"264"
1987-03-07,"167"
1987-03-14,"96"
1987-03-21,"107"
1987-03-28,"112"
1987-04-04,"91"
1987-04-11,"80"
1987-04-18,"58"
1987-04-25,"38"
1987-05-02,"29"
1987-05-09,"23"
1987-05-16,"19"
1987-05-23,"32"
1987-05-30,"27"
1987-06-06,"29"
1987-06-13,"20"
1987-06-20,"42"
1987-06-27,"22"
1987-07-04,"18"
1987-07-11,"5"
1987-07-18,"8"
1987-07-25,"8"
1987-08-01,"15"
1987-08-08,"13"
1987-08-15,"12"
1987-08-22,"12"
1987-08-29,"11"
1987-09-05,"14"
1987-09-12,"20"
1987-09-19,"30"
1987-09-26,"58"
1987-10-03,"44"
1987-10-10,"76"
1987-10-17,"68"
1987-10-24,"83"
1987-10-31,"74"
1987-11-07,"64"
1987-11-14,"67"
1987-11-21,"53"
1987-11-28,"75"
1987-12-05,"89"
1987-12-12,"104"
1987-12-19,"86"
1987-12-26,"21"
1988-01-02,"85"
1988-01-09,"109"
1988-01-16,"107"
1988-01-23,"123"
1988-01-30,"130"
1988-02-06,"130"
1988-02-13,"124"
1988-02-20,"138"
1988-02-27,"157"
1988-03-05,"243"
1988-03-12,"421"
1988-03-19,"566"
1988-03-26,"507"
1988-04-02,"347"
1988-04-09,"222"
1988-04-16,"126"
1988-04-23,"60"
1988-04-30,"39"
1988-05-07,"37"
1988-05-14,"33"
1988-05-21,"25"
1988-05-28,"20"
1988-06-04,"21"
1988-06-11,"16"
1988-06-18,"12"
1988-06-25,"14"
1988-07-02,"13"
1988-07-09,"8"
1988-07-16,"15"
1988-07-23,"11"
1988-07-30,"8"
1988-08-06,"16"
1988-08-13,"13"
1988-08-20,"14"
1988-08-27,"9"
1988-09-03,"14"
1988-09-10,"13"
1988-09-17,"28"
1988-09-24,"63"
1988-10-01,"78"
1988-10-08,"71"
1988-10-15,"83"
1988-10-22,"81"
1988-10-29,"68"
1988-11-05,"75"
1988-11-12,"97"
1988-11-19,"165"
1988-11-26,"440"
1988-12-03,"1141"
1988-12-10,"1729"
1988-12-17,"1793"
1988-12-24,"1562"
1988-12-31,"837"
1989-01-07,"360"
1989-01-14,"200"
1989-01-21,"118"
1989-01-28,"98"
1989-02-04,"94"
1989-02-11,"85"
1989-02-18,"49"
1989-02-25,"35"
1989-03-04,"23"
1989-03-11,"22"
1989-03-18,"30"
1989-03-25,"24"
1989-04-01,"19"
1989-04-08,"27"
1989-04-15,"17"
1989-04-22,"19"
1989-04-29,"19"
1989-05-06,"24"
1989-05-13,"0"
1989-05-20,"11"
1989-05-27,"17"
1989-06-03,"16"
1989-06-10,"21"
1989-06-17,"11"
1989-06-24,"11"
1989-07-01,"10"
1989-07-08,"6"
1989-07-15,"2"
1989-07-22,"7"
1989-07-29,"6"
1989-08-05,"5"
1989-08-12,"13"
1989-08-19,"14"
1989-08-26,"11"
1989-09-02,"8"
1989-09-09,"8"
1989-09-16,"21"
1989-09-23,"33"
1989-09-30,"44"
1989-10-07,"56"
1989-10-14,"78"
1989-10-21,"70"
1989-10-28,"53"
1989-11-04,"42"
1989-11-11,"40"
1989-11-18,"42"
1989-11-25,"73"
1989-12-02,"212"
1989-12-09,"638"
1989-12-16,"1334"
1989-12-23,"1463"
1989-12-30,"1035"
1990-01-06,"855"
1990-01-13,"610"
1990-01-20,"558"
1990-01-27,"509"
1990-02-03,"286"
1990-02-10,"707"
1990-02-17,"109"
1990-02-24,"46"
1990-03-03,"39"
1990-03-10,"29"
1990-03-17,"35"
1990-03-24,"30"
1990-03-31,"39"
1990-04-07,"23"
1990-04-14,"21"
1990-04-21,"14"
1990-04-28,"9"
1990-05-05,"3"
1990-05-12,"10"
1990-05-19,"8"
1990-05-26,"2"
1990-06-02,"7"
1990-06-09,"6"
1990-06-16,"10"
1990-06-23,"14"
1990-06-30,"13"
1990-07-07,"5"
1990-07-14,"2"
1990-07-21,"2"
1990-07-28,"1"
1990-08-04,"2"
1990-08-11,"2"
1990-08-18,"0"
1990-08-25,"0"
1990-09-01,"2"
1990-09-08,"4"
1990-09-15,"7"
1990-09-22,"20"
1990-09-29,"28"
1990-10-06,"36"
1990-10-13,"35"
1990-10-20,"23"
1990-10-27,"31"
1990-11-03,"29"
1990-11-10,"31"
1990-11-17,"36"
1990-11-24,"41"
1990-12-01,"52"
1990-12-08,"68"
1990-12-15,"78"
1990-12-22,"83"
1990-12-29,"73"
1991-01-05,"76"
1991-01-12,"52"
1991-01-19,"52"
1991-01-26,"85"
1991-02-02,"129"
1991-02-09,"237"
1991-02-16,"367"
1991-02-23,"381"
1991-03-02,"245"
1991-03-09,"156"
1991-03-16,"81"
1991-03-23,"49"
1991-03-30,"57"
1991-04-06,"49"
1991-04-13,"26"
1991-04-20,"28"
1991-04-27,"27"
1991-05-04,"19"
1991-05-11,"14"
1991-05-18,"15"
1991-05-25,"11"
1991-06-01,"11"
1991-06-08,"12"
1991-06-15,"14"
1991-06-22,"14"
1991-06-29,"11"
1991-07-06,"6"
1991-07-13,"6"
1991-07-20,"7"
1991-07-27,"4"
1991-08-03,"4"
1991-08-10,"1"
1991-08-17,"3"
1991-08-24,"4"
1991-08-31,"4"
1991-09-07,"4"
1991-09-14,"4"
1991-09-21,"13"
1991-09-28,"25"
1991-10-05,"47"
1991-10-12,"50"
1991-10-19,"48"
1991-10-26,"51"
1991-11-02,"38"
1991-11-09,"34"
1991-11-16,"42"
1991-11-23,"63"
1991-11-30,"79"
1991-12-07,"165"
1991-12-14,"350"
1991-12-21,"666"
1991-12-28,"615"
1992-01-04,"434"
1992-01-11,"325"
1992-01-18,"241"
1992-01-25,"259"
1992-02-01,"290"
1992-02-08,"197"
1992-02-15,"100"
1992-02-22,"66"
1992-02-29,"47"
1992-03-07,"34"
1992-03-14,"20"
1992-03-21,"21"
1992-03-28,"20"
1992-04-04,"20"
1992-04-11,"15"
1992-04-18,"10"
1992-04-25,"6"
1992-05-02,"7"
1992-05-09,"5"
1992-05-16,"8"
1992-05-23,"9"
1992-05-30,"9"
1992-06-06,"7"
1992-06-13,"10"
1992-06-20,"9"
1992-06-27,"10"
1992-07-04,"10"
1992-07-11,"7"
1992-07-18,"6"
1992-07-25,"5"
1992-08-01,"7"
1992-08-08,"9"
1992-08-15,"7"
1992-08-22,"5"
1992-08-29,"11"
1992-09-05,"9"
1992-09-12,"13"
1992-09-19,"17"
1992-09-26,"24"
1992-10-03,"31"
1992-10-10,"42"
1992-10-17,"52"
1992-10-24,"44"
1992-10-31,"48"
1992-11-07,"39"
1992-11-14,"40"
1992-11-21,"46"
1992-11-28,"57"
1992-12-05,"69"
1992-12-12,"70"
1992-12-19,"72"
1992-12-26,"87"
1993-01-02,"99"
1993-01-09,"131"
1993-01-16,"157"
1993-01-23,"258"
1993-01-30,"337"
1993-02-06,"446"
1993-02-13,"500"
1993-02-20,"433"
1993-02-27,"389"
1993-03-06,"321"
1993-03-13,"223"
1993-03-20,"140"
1993-03-27,"111"
1993-04-03,"110"
1993-04-10,"67"
1993-04-17,"39"
1993-04-24,"43"
1993-05-01,"14"
1993-05-08,"9"
1993-05-15,"8"
1993-05-22,"9"
1993-05-29,"10"
1993-06-05,"6"
1993-06-12,"13"
1993-06-19,"12"
1993-06-26,"15"
1993-07-03,"5"
1993-07-10,"4"
1993-07-17,"3"
1993-07-24,"6"
1993-07-31,"7"
1993-08-07,"7"
1993-08-14,"7"
1993-08-21,"6"
1993-08-28,"5"
1993-09-04,"10"
1993-09-11,"8"
1993-09-18,"12"
1993-09-25,"18"
1993-10-02,"26"
1993-10-09,"24"
1993-10-16,"32"
1993-10-23,"33"
1993-10-30,"26"
1993-11-06,"31"
1993-11-13,"56"
1993-11-20,"133"
1993-11-27,"421"
1993-12-04,"920"
1993-12-11,"1565"
1993-12-18,"1094"
1993-12-25,"658"
1994-01-01,"406"
1994-01-08,"205"
1994-01-15,"82"
1994-01-22,"52"
1994-01-29,"41"
1994-02-05,"32"
1994-02-12,"30"
1994-02-19,"25"
1994-02-26,"17"
1994-03-05,"10"
1994-03-12,"8"
1994-03-19,"9"
1994-03-26,"7"
1994-04-02,"6"
1994-04-09,"8"
1994-04-16,"12"
1994-04-23,"9"
1994-04-30,"4"
1994-05-07,"6"
1994-05-14,"3"
1994-05-21,"4"
1994-05-28,"4"
1994-06-04,"1"
1994-06-11,"11"
1994-06-18,"11"
1994-06-25,"9"
1994-07-02,"2"
1994-07-09,"1"
1994-07-16,"3"
1994-07-23,"2"
1994-07-30,"4"
1994-08-06,"9"
1994-08-13,"8"
1994-08-20,"7"
1994-08-27,"6"
1994-09-03,"8"
1994-09-10,"5"
1994-09-17,"10"
1994-09-24,"27"
1994-10-01,"28"
1994-10-08,"28"
1994-10-15,"24"
1994-10-22,"25"
1994-10-29,"20"
1994-11-05,"20"
1994-11-12,"21"
1994-11-19,"25"
1994-11-26,"26"
1994-12-03,"32"
1994-12-10,"37"
1994-12-17,"50"
1994-12-24,"47"
1994-12-31,"38"
1995-01-07,"46"
1995-01-14,"41"
1995-01-21,"43"
1995-01-28,"48"
1995-02-04,"48"
1995-02-11,"65"
1995-02-18,"53"
1995-02-25,"66"
1995-03-04,"69"
1995-03-11,"86"
1995-03-18,"142"
1995-03-25,"212"
1995-04-01,"363"
1995-04-08,"431"
1995-04-15,"313"
1995-04-22,"243"
1995-04-29,"153"
1995-05-06,"68"
1995-05-13,"45"
1995-05-20,"33"
1995-05-27,"21"
1995-06-03,"24"
1995-06-10,"24"
1995-06-17,"14"
1995-06-24,"8"
1995-07-01,"9"
1995-07-08,"8"
1995-07-15,"6"
1995-07-22,"4"
1995-07-29,"3"
1995-08-05,"3"
1995-08-12,"1"
1995-08-19,"2"
1995-08-26,"3"
1995-09-02,"4"
1995-09-09,"6"
1995-09-16,"8"
1995-09-23,"23"
1995-09-30,"32"
1995-10-07,"28"
1995-10-14,"26"
1995-10-21,"26"
1995-10-28,"28"
1995-11-04,"23"
1995-11-11,"52"
1995-11-18,"108"
1995-11-25,"209"
1995-12-02,"357"
1995-12-09,"650"
1995-12-16,"1047"
1995-12-23,"1299"
1995-12-30,"688"
1996-01-06,"386"
1996-01-13,"182"
1996-01-20,"94"
1996-01-27,"75"
1996-02-03,"44"
1996-02-10,"38"
1996-02-17,"40"
1996-02-24,"33"
1996-03-02,"34"
1996-03-09,"36"
1996-03-16,"42"
1996-03-23,"55"
1996-03-30,"53"
1996-04-06,"77"
1996-04-13,"89"
1996-04-20,"51"
1996-04-27,"43"
1996-05-04,"32"
1996-05-11,"21"
1996-05-18,"18"
1996-05-25,"12"
1996-06-01,"7"
1996-06-08,"5"
1996-06-15,"4"
1996-06-22,"4"
1996-06-29,"5"
1996-07-06,"8"
1996-07-13,"5"
1996-07-20,"3"
1996-07-27,"5"
1996-08-03,"5"
1996-08-10,"3"
1996-08-17,"1"
1996-08-24,"2"
1996-08-31,"3"
1996-09-07,"2"
1996-09-14,"5"
1996-09-21,"16"
1996-09-28,"14"
1996-10-05,"19"
1996-10-12,"17"
1996-10-19,"21"
1996-10-26,"22"
1996-11-02,"19"
1996-11-09,"44"
1996-11-16,"55"
1996-11-23,"124"
1996-11-30,"338"
1996-12-07,"710"
1996-12-14,"924"
1996-12-21,"1106"
1996-12-28,"670"
1997-01-04,"483"
1997-01-11,"364"
1997-01-18,"248"
1997-01-25,"167"
1997-02-01,"165"
1997-02-08,"132"
1997-02-15,"122"
1997-02-22,"95"
1997-03-01,"51"
1997-03-08,"38"
1997-03-15,"34"
1997-03-22,"30"
1997-03-29,"31"
1997-04-05,"23"
1997-04-12,"16"
1997-04-19,"21"
1997-04-26,"24"
1997-05-03,"9"
1997-05-10,"8"
1997-05-17,"6"
1997-05-24,"4"
1997-05-31,"4"
1997-06-07,"8"
1997-06-14,"8"
1997-06-21,"7"
1997-06-28,"10"
1997-07-05,"4"
1997-07-12,"3"
1997-07-19,"3"
1997-07-26,"4"
1997-08-02,"2"
1997-08-09,"4"
1997-08-16,"3"
1997-08-23,"6"
1997-08-30,"3"
1997-09-06,"9"
1997-09-13,"8"
1997-09-20,"6"
1997-09-27,"18"
1997-10-04,"23"
1997-10-11,"29"
1997-10-18,"26"
1997-10-25,"29"
1997-11-01,"34"
1997-11-08,"31"
1997-11-15,"14"
1997-11-22,"19"
1997-11-29,"20"
1997-12-06,"27"
1997-12-13,"58"
1997-12-20,"60"
1997-12-27,"50"
1998-01-03,"43"
1998-01-10,"53"
1998-01-17,"41"
1998-01-24,"51"
1998-01-31,"77"
1998-02-07,"151"
1998-02-14,"326"
1998-02-21,"465"
1998-02-28,"390"
1998-03-07,"347"
1998-03-14,"378"
1998-03-21,"452"
1998-03-28,"512"
1998-04-04,"547"
1998-04-11,"294"
1998-04-18,"211"
1998-04-25,"105"
1998-05-02,"54"
1998-05-09,"41"
1998-05-16,"21"
1998-05-23,"8"
1998-05-30,"9"
1998-06-06,"15"
1998-06-13,"28"
1998-06-20,"31"
1998-06-27,"18"
1998-07-04,"21"
1998-07-11,"16"
1998-07-18,"11"
1998-07-25,"9"
1998-08-01,"21"
1998-08-08,"2"
1998-08-15,"5"
1998-08-22,"7"
1998-08-29,"4"
1998-09-05,"5"
1998-09-12,"12"
1998-09-19,"19"
1998-09-26,"29"
1998-10-03,"35"
1998-10-10,"42"
1998-10-17,"32"
1998-10-24,"21"
1998-10-31,"22"
1998-11-07,"22"
1998-11-14,"24"
1998-11-21,"25"
1998-11-28,"39"
1998-12-05,"57"
1998-12-12,"94"
1998-12-19,"134"
1998-12-26,"124"
1999-01-02,"185"
1999-01-09,"222"
1999-01-16,"275"
1999-01-23,"414"
1999-01-30,"630"
1999-02-06,"815"
1999-02-13,"844"
1999-02-20,"896"
1999-02-27,"536"
1999-03-06,"355"
1999-03-13,"253"
1999-03-20,"156"
1999-03-27,"99"
1999-04-03,"66"
1999-04-10,"32"
1999-04-17,"20"
1999-04-24,"13"
1999-05-01,"5"
1999-05-08,"5"
1999-05-15,"11"
1999-05-22,"10"
1999-05-29,"7"
1999-06-05,"8"
1999-06-12,"9"
1999-06-19,"7"
1999-06-26,"9"
1999-07-03,"6"
1999-07-10,"9"
1999-07-17,"6"
1999-07-24,"7"
1999-07-31,"3"
1999-08-07,"5"
1999-08-14,"12"
1999-08-21,"17"
1999-08-28,"13"
1999-09-04,"6"
1999-09-11,"14"
1999-09-18,"13"
1999-09-25,"21"
1999-10-02,"49"
1999-10-09,"41"
1999-10-16,"43"
1999-10-23,"33"
1999-10-30,"31"
1999-11-06,"31"
1999-11-13,"30"
1999-11-20,"15"
1999-11-27,"61"
1999-12-04,"100"
1999-12-11,"192"
1999-12-18,"310"
1999-12-25,"465"
2000-01-01,"663"
2000-01-08,"922"
2000-01-15,"886"
2000-01-22,"824"
2000-01-29,"637"
2000-02-05,"445"
2000-02-12,"249"
2000-02-19,"101"
2000-02-26,"40"
2000-03-04,"25"
2000-03-11,"15"
2000-03-18,"21"
2000-03-25,"12"
2000-04-01,"15"
2000-04-08,"19"
2000-04-15,"20"
2000-04-22,"9"
2000-04-29,"12"
2000-05-06,"9"
2000-05-13,"24"
2000-05-20,"8"
2000-05-27,"7"
2000-06-03,"8"
2000-06-10,"15"
2000-06-17,"9"
2000-06-24,"7"
2000-07-01,"3"
2000-07-08,"4"
2000-07-15,"2"
2000-07-22,"3"
2000-07-29,"0"
2000-08-05,"4"
2000-08-12,"2"
2000-08-19,"3"
2000-08-26,"9"
2000-09-02,"10"
2000-09-09,"5"
2000-09-16,"4"
2000-09-23,"13"
2000-09-30,"33"
2000-10-07,"46"
2000-10-14,"68"
2000-10-21,"70"
2000-10-28,"63"
2000-11-04,"28"
2000-11-11,"43"
2000-11-18,"35"
2000-11-25,"110"
2000-12-02,"74"
2000-12-09,"126"
2000-12-16,"169"
2000-12-23,"213"
2000-12-30,"244"
2001-01-06,"167"
2001-01-13,"178"
2001-01-20,"236"
2001-01-27,"354"
2001-02-03,"471"
2001-02-10,"382"
2001-02-17,"215"
2001-02-24,"131"
2001-03-03,"99"
2001-03-10,"79"
2001-03-17,"84"
2001-03-24,"77"
2001-03-31,"82"
2001-04-07,"68"
2001-04-14,"41"
2001-04-21,"41"
2001-04-28,"44"
2001-05-05,"36"
2001-05-12,"29"
2001-05-19,"26"
2001-05-26,"15"
2001-06-02,"8"
2001-06-09,"11"
2001-06-16,"8"
2001-06-23,"4"
2001-06-30,"6"
2001-07-07,"8"
2001-07-14,"6"
2001-07-21,"4"
2001-07-28,"4"
2001-08-04,"32"
2001-08-11,"0"
2001-08-18,"0"
2001-08-25,"5"
2001-09-01,"7"
2001-09-08,"8"
2001-09-15,"14"
2001-09-22,"16"
2001-09-29,"43"
2001-10-06,"31"
2001-10-13,"34"
2001-10-20,"32"
2001-10-27,"39"
2001-11-03,"19"
2001-11-10,"35"
2001-11-17,"36"
2001-11-24,"46"
2001-12-01,"73"
2001-12-08,"59"
2001-12-15,"53"
2001-12-22,"78"
2001-12-29,"98"
2002-01-05,"194"
2002-01-12,"410"
2002-01-19,"645"
2002-01-26,"848"
2002-02-02,"767"
2002-02-09,"546"
2002-02-16,"286"
2002-02-23,"197"
2002-03-02,"107"
2002-03-09,"72"
2002-03-16,"68"
2002-03-23,"56"
2002-03-30,"46"
2002-04-06,"40"
2002-04-13,"36"
2002-04-20,"30"
2002-04-27,"12"
2002-05-04,"10"
2002-05-11,"10"
2002-05-18,"6"
2002-05-25,"10"
2002-06-01,"8"
2002-06-08,"26"
2002-06-15,"20"
2002-06-22,"8"
2002-06-29,"8"
2002-07-06,"3"
2002-07-13,"11"
2002-07-20,"9"
2002-07-27,"6"
2002-08-03,"9"
2002-08-10,"2"
2002-08-17,"4"
2002-08-24,"5"
2002-08-31,"4"
2002-09-07,"3"
2002-09-14,"21"
2002-09-21,"12"
2002-09-28,"27"
2002-10-05,"14"
2002-10-12,"19"
2002-10-19,"23"
2002-10-26,"24"
2002-11-02,"30"
2002-11-09,"32"
2002-11-16,"21"
2002-11-23,"28"
2002-11-30,"33"
2002-12-07,"41"
2002-12-14,"59"
2002-12-21,"80"
2002-12-28,"79"
2003-01-04,"52"
2003-01-11,"53"
2003-01-18,"85"
2003-01-25,"159"
2003-02-01,"254"
2003-02-08,"346"
2003-02-15,"396"
2003-02-22,"372"
2003-03-01,"296"
2003-03-08,"203"
2003-03-15,"167"
2003-03-22,"148"
2003-03-29,"118"
2003-04-05,"117"
2003-04-12,"116"
2003-04-19,"85"
2003-04-26,"77"
2003-05-03,"20"
2003-05-10,"14"
2003-05-17,"13"
2003-05-24,"9"
2003-05-31,"4"
2003-06-07,"8"
2003-06-14,"14"
2003-06-21,"4"
2003-06-28,"9"
2003-07-05,"4"
2003-07-12,"7"
2003-07-19,"11"
2003-07-26,"5"
2003-08-02,"9"
2003-08-09,"3"
2003-08-16,"3"
2003-08-23,"4"
2003-08-30,"3"
2003-09-06,"18"
2003-09-13,"25"
2003-09-20,"25"
2003-09-27,"44"
2003-10-04,"52"
2003-10-11,"49"
2003-10-18,"65"
2003-10-25,"77"
2003-11-01,"91"
2003-11-08,"160"
2003-11-15,"244"
2003-11-22,"556"
2003-11-29,"860"
2003-12-06,"928"
2003-12-13,"873"
2003-12-20,"744"
2003-12-27,"121"
2004-01-03,"181"
2004-01-10,"158"
2004-01-17,"100"
2004-01-24,"74"
2004-01-31,"58"
2004-02-07,"46"
2004-02-14,"42"
2004-02-21,"29"
2004-02-28,"21"
2004-03-06,"37"
2004-03-13,"23"
2004-03-20,"21"
2004-03-27,"14"
2004-04-03,"26"
2004-04-10,"14"
2004-04-17,"9"
2004-04-24,"6"
2004-05-01,"8"
2004-05-08,"12"
2004-05-15,"13"
2004-05-22,"13"
2004-05-29,"13"
2004-06-05,"16"
2004-06-12,"11"
2004-06-19,"5"
2004-06-26,"12"
2004-07-03,"12"
2004-07-10,"11"
2004-07-17,"9"
2004-07-24,"6"
2004-07-31,"5"
2004-08-07,"6"
2004-08-14,"3"
2004-08-21,"7"
2004-08-28,"7"
2004-09-04,"13"
2004-09-11,"15"
2004-09-18,"29"
2004-09-25,"38"
2004-10-02,"43"
2004-10-09,"26"
2004-10-16,"34"
2004-10-23,"28"
2004-10-30,"38"
2004-11-06,"26"
2004-11-13,"23"
2004-11-20,"35"
2004-11-27,"51"
2004-12-04,"45"
2004-12-11,"70"
2004-12-18,"77"
2004-12-25,"54"
2005-01-01,"68"
2005-01-08,"92"
2005-01-15,"147"
2005-01-22,"255"
2005-01-29,"523"
2005-02-05,"938"
2005-02-12,"939"
2005-02-19,"759"
2005-02-26,"458"
2005-03-05,"416"
2005-03-12,"367"
2005-03-19,"302"
2005-03-26,"149"
2005-04-02,"71"
2005-04-09,"36"
2005-04-16,"25"
2005-04-23,"16"
2005-04-30,"12"
2005-05-07,"5"
2005-05-14,"13"
2005-05-21,"13"
2005-05-28,"7"
2005-06-04,"6"
2005-06-11,"9"
2005-06-18,"10"
2005-06-25,"4"
2005-07-02,"8"
2005-07-09,"4"
2005-07-16,"3"
2005-07-23,"7"
2005-07-30,"4"
2005-08-06,"6"
2005-08-13,"3"
2005-08-20,"5"
2005-08-27,"9"
2005-09-03,"4"
2005-09-10,"12"
2005-09-17,"17"
2005-09-24,"36"
2005-10-01,"40"
2005-10-08,"44"
2005-10-15,"44"
2005-10-22,"39"
2005-10-29,"30"
2005-11-05,"34"
2005-11-12,"24"
2005-11-19,"40"
2005-11-26,"44"
2005-12-03,"41"
2005-12-10,"46"
2005-12-17,"61"
2005-12-24,"67"
2005-12-31,"53"
2006-01-07,"57"
2006-01-14,"64"
2006-01-21,"109"
2006-01-28,"171"
2006-02-04,"303"
2006-02-11,"421"
2006-02-18,"400"
2006-02-25,"326"
2006-03-04,"269"
2006-03-11,"204"
2006-03-18,"201"
2006-03-25,"177"
2006-04-01,"126"
2006-04-08,"66"
2006-04-15,"44"
2006-04-22,"36"
2006-04-29,"29"
2006-05-06,"7"
2006-05-13,"8"
2006-05-20,"15"
2006-05-27,"8"
2006-06-03,"10"
2006-06-10,"7"
2006-06-17,"7"
2006-06-24,"10"
2006-07-01,"7"
2006-07-08,"2"
2006-07-15,"1"
2006-07-22,"2"
2006-07-29,"1"
2006-08-05,"3"
2006-08-12,"0"
2006-08-19,"0"
2006-08-26,"3"
2006-09-02,"4"
2006-09-09,"2"
2006-09-16,"3"
2006-09-23,"4"
2006-09-30,"15"
2006-10-07,"20"
2006-10-14,"23"
2006-10-21,"27"
2006-10-28,"35"
2006-11-04,"13"
2006-11-11,"20"
2006-11-18,"23"
2006-11-25,"26"
2006-12-02,"27"
2006-12-09,"31"
2006-12-16,"58"
2006-12-23,"103"
2006-12-30,"128"
2007-01-06,"115"
2007-01-13,"135"
2007-01-20,"206"
2007-01-27,"342"
2007-02-03,"612"
2007-02-10,"815"
2007-02-17,"681"
2007-02-24,"516"
2007-03-03,"226"
2007-03-10,"81"
2007-03-17,"50"
2007-03-24,"41"
2007-03-31,"35"
2007-04-07,"19"
2007-04-14,"8"
2007-04-21,"6"
2007-04-28,"8"
2007-05-05,"4"
2007-05-12,"5"
2007-05-19,"10"
2007-05-26,"7"
2007-06-02,"13"
2007-06-09,"9"
2007-06-16,"5"
2007-06-23,"6"
2007-06-30,"0"
2007-07-07,"2"
2007-07-14,"2"
2007-07-21,"6"
2007-07-28,"4"
2007-08-04,"3"
2007-08-11,"0"
2007-08-18,"7"
2007-08-25,"5"
2007-09-01,"2"
2007-09-08,"2"
2007-09-15,"2"
2007-09-22,"8"
2007-09-29,"26"
2007-10-06,"22"
2007-10-13,"21"
2007-10-20,"33"
2007-10-27,"26"
2007-11-03,"23"
2007-11-10,"25"
2007-11-17,"30"
2007-11-24,"50"
2007-12-01,"79"
2007-12-08,"63"
2007-12-15,"74"
2007-12-22,"101"
2007-12-29,"141"
2008-01-05,"167"
2008-01-12,"262"
2008-01-19,"424"
2008-01-26,"473"
2008-02-02,"561"
2008-02-09,"615"
2008-02-16,"467"
2008-02-23,"324"
2008-03-01,"195"
2008-03-08,"147"
2008-03-15,"101"
2008-03-22,"87"
2008-03-29,"63"
2008-04-05,"74"
2008-04-12,"37"
2008-04-19,"19"
2008-04-26,"17"
2008-05-03,"9"
2008-05-10,"8"
2008-05-17,"11"
2008-05-24,"6"
2008-05-31,"3"
2008-06-07,"5"
2008-06-14,"5"
2008-06-21,"3"
2008-06-28,"1"
2008-07-05,"5"
2008-07-12,"5"
2008-07-19,"3"
2008-07-26,"6"
2008-08-02,"6"
2008-08-09,"7"
2008-08-16,"12"
2008-08-23,"4"
2008-08-30,"3"
2008-09-06,"4"
2008-09-13,"4"
2008-09-20,"6"
2008-09-27,"4"
2008-10-04,"13"
2008-10-11,"16"
2008-10-18,"15"
2008-10-25,"15"
2008-11-01,"16"
2008-11-08,"20"
2008-11-15,"18"
2008-11-22,"30"
2008-11-29,"42"
2008-12-06,"57"
2008-12-13,"84"
2008-12-20,"184"
2008-12-27,"323"
2009-01-03,"319"
2009-01-10,"457"
2009-01-17,"829"
2009-01-24,"868"
2009-01-31,"640"
2009-02-07,"440"
2009-02-14,"225"
2009-02-21,"174"
2009-02-28,"112"
2009-03-07,"85"
2009-03-14,"64"
2009-03-21,"62"
2009-03-28,"44"
2009-04-04,"42"
2009-04-11,"28"
2009-04-18,"23"
2009-04-25,"15"
2009-05-02,"15"
2009-05-09,"12"
2009-05-16,"15"
2009-05-23,"11"
2009-05-30,"10"
2009-06-06,"7"
2009-06-13,"12"
2009-06-20,"12"
2009-06-27,"16"
2009-07-04,"16"
2009-07-11,"25"
2009-07-18,"17"
2009-07-25,"22"
2009-08-01,"48"
2009-08-08,"37"
2009-08-15,"39"
2009-08-22,"40"
2009-08-29,"50"
2009-09-05,"73"
2009-09-12,"161"
2009-09-19,"220"
2009-09-26,"193"
2009-10-03,"178"
2009-10-10,"160"
2009-10-17,"158"
2009-10-24,"209"
2009-10-31,"271"
2009-11-07,"234"
2009-11-14,"356"
2009-11-21,"603"
2009-11-28,"744"
2009-12-05,"754"
2009-12-12,"604"
2009-12-19,"395"
2009-12-26,"275"
2010-01-02,"153"
2010-01-09,"106"
2010-01-16,"65"
2010-01-23,"58"
2010-01-30,"54"
2010-02-06,"35"
2010-02-13,"44"
2010-02-20,"31"
2010-02-27,"25"
2010-03-06,"19"
2010-03-13,"14"
2010-03-20,"14"
2010-03-27,"11"
2010-04-03,"11"
2010-04-10,"10"
2010-04-17,"6"
2010-04-24,"6"
2010-05-01,"4"
2010-05-08,"7"
2010-05-15,"4"
2010-05-22,"4"
2010-05-29,"6"
2010-06-05,"10"
2010-06-12,"6"
2010-06-19,"6"
2010-06-26,"13"
2010-07-03,"9"
2010-07-10,"4"
2010-07-17,"2"
2010-07-24,"7"
2010-07-31,"6"
2010-08-07,"4"
2010-08-14,"1"
2010-08-21,"5"
2010-08-28,"8"
2010-09-04,"7"
2010-09-11,"8"
2010-09-18,"8"
2010-09-25,"14"
2010-10-02,"19"
2010-10-09,"29"
2010-10-16,"28"
2010-10-23,"30"
2010-10-30,"25"
2010-11-06,"25"
2010-11-13,"14"
2010-11-20,"25"
2010-11-27,"42"
2010-12-04,"59"
2010-12-11,"88"
2010-12-18,"167"
2010-12-25,"253"
2011-01-01,"363"
2011-01-08,"490"
2011-01-15,"489"
2011-01-22,"437"
2011-01-29,"440"
2011-02-05,"440"
2011-02-12,"343"
2011-02-19,"236"
2011-02-26,"124"
2011-03-05,"86"
2011-03-12,"53"
2011-03-19,"23"
2011-03-26,"20"
2011-04-02,"14"
2011-04-09,"12"
2011-04-16,"10"
2011-04-23,"8"
2011-04-30,"4"
2011-05-07,"8"
2011-05-14,"9"
2011-05-21,"6"
2011-05-28,"4"
2011-06-04,"5"
2011-06-11,"5"
2011-06-18,"6"
2011-06-25,"6"
2011-07-02,"2"
2011-07-09,"6"
2011-07-16,"3"
2011-07-23,"4"
2011-07-30,"6"
2011-08-06,"4"
2011-08-13,"4"
2011-08-20,"4"
2011-08-27,"5"
2011-09-03,"7"
2011-09-10,"7"
2011-09-17,"13"
2011-09-24,"22"
2011-10-01,"27"
2011-10-08,"22"
2011-10-15,"12"
2011-10-22,"27"
2011-10-29,"34"
2011-11-05,"22"
2011-11-12,"29"
2011-11-19,"35"
2011-11-26,"28"
2011-12-03,"51"
2011-12-10,"43"
2011-12-17,"38"
2011-12-24,"41"
2011-12-31,"58"
2012-01-07,"71"
2012-01-14,"64"
2012-01-21,"78"
2012-01-28,"107"
2012-02-04,"167"
2012-02-11,"276"
2012-02-18,"415"
2012-02-25,"452"
2012-03-03,"355"
2012-03-10,"275"
2012-03-17,"203"
2012-03-24,"133"
2012-03-31,"99"
2012-04-07,"58"
2012-04-14,"32"
2012-04-21,"18"
2012-04-28,"11"
2012-05-05,"4"
2012-05-12,"5"
2012-05-19,"4"
2012-05-26,"6"
2012-06-02,"9"
2012-06-09,"4"
2012-06-16,"9"
2012-06-23,"4"
2012-06-30,"8"
2012-07-07,"7"
2012-07-14,"7"
2012-07-21,"10"
2012-07-28,"3"
2012-08-04,"4"
2012-08-11,"10"
2012-08-18,"10"
2012-08-25,"6"
2012-09-01,"13"
2012-09-08,"10"
2012-09-15,"12"
2012-09-22,"23"
2012-09-29,"32"
2012-10-06,"28"
2012-10-13,"29"
2012-10-20,"21"
2012-10-27,"28"
2012-11-03,"21"
2012-11-10,"30"
2012-11-17,"42"
2012-11-24,"62"
2012-12-01,"68"
2012-12-08,"75"
2012-12-15,"126"
2012-12-22,"179"
2012-12-29,"251"
2013-01-05,"256"
2013-01-12,"288"
2013-01-19,"352"
2013-01-26,"613"
2013-02-02,"770"
2013-02-09,"738"
2013-02-16,"736"
2013-02-23,"550"
2013-03-02,"407"
2013-03-09,"259"
2013-03-16,"132"
2013-03-23,"95"
2013-03-30,"68"
2013-04-06,"58"
2013-04-13,"30"
2013-04-20,"15"
2013-04-27,"12"
2013-05-04,"5"
2013-05-11,"2"
2013-05-18,"6"
2013-05-25,"9"
2013-06-01,"11"
2013-06-08,"25"
2013-06-15,"11"
2013-06-22,"4"
2013-06-29,"5"
2013-07-06,"7"
2013-07-13,"2"
2013-07-20,"3"
2013-07-27,"3"
2013-08-03,"4"
2013-08-10,"7"
2013-08-17,"7"
2013-08-24,"3"
2013-08-31,"2"
2013-09-07,"7"
2013-09-14,"8"
2013-09-21,"15"
2013-09-28,"8"
2013-10-05,"15"
2013-10-12,"19"
2013-10-19,"23"
2013-10-26,"25"
2013-11-02,"16"
2013-11-09,"17"
2013-11-16,"21"
2013-11-23,"35"
2013-11-30,"28"
2013-12-07,"28"
2013-12-14,"38"
2013-12-21,"47"
2013-12-28,"47"
2014-01-04,"55"
2014-01-11,"73"
2014-01-18,"100"
2014-01-25,"133"
2014-02-01,"187"
2014-02-08,"250"
2014-02-15,"325"
2014-02-22,"293"
2014-03-01,"229"
2014-03-08,"134"
2014-03-15,"69"
2014-03-22,"37"
2014-03-29,"34"
2014-04-05,"30"
2014-04-12,"17"
2014-04-19,"11"
2014-04-26,"5"
2014-05-03,"7"
2014-05-10,"6"
2014-05-17,"9"
2014-05-24,"7"
2014-05-31,"11"
2014-06-07,"8"
2014-06-14,"3"
2014-06-21,"7"
2014-06-28,"6"
2014-07-05,"8"
2014-07-12,"6"
2014-07-19,"8"
2014-07-26,"7"
2014-08-02,"6"
2014-08-09,"5"
2014-08-16,"4"
2014-08-23,"4"
2014-08-30,"4"
2014-09-06,"8"
2014-09-13,"12"
2014-09-20,"16"
2014-09-27,"13"
2014-10-04,"26"
2014-10-11,"35"
2014-10-18,"34"
2014-10-25,"25"
2014-11-01,"24"
2014-11-08,"25"
2014-11-15,"23"
2014-11-22,"28"
2014-11-29,"44"
2014-12-06,"52"
2014-12-13,"66"
2014-12-20,"71"
2014-12-27,"98"
2015-01-03,"110"
2015-01-10,"161"
2015-01-17,"239"
2015-01-24,"453"
2015-01-31,"710"
2015-02-07,"827"
2015-02-14,"802"
2015-02-21,"635"
2015-02-28,"370"
2015-03-07,"223"
2015-03-14,"154"
2015-03-21,"109"
2015-03-28,"77"
2015-04-04,"48"
2015-04-11,"30"
2015-04-18,"19"
2015-04-25,"10"
2015-05-02,"6"
2015-05-09,"10"
2015-05-16,"7"
2015-05-23,"9"
2015-05-30,"7"
2015-06-06,"4"
2015-06-13,"4"
2015-06-20,"4"
2015-06-27,"4"
2015-07-04,"3"
2015-07-11,"3"
2015-07-18,"4"
2015-07-25,"4"
2015-08-01,"4"
2015-08-08,"2"
2015-08-15,"2"
2015-08-22,"1"
2015-08-29,"0"
2015-09-05,"3"
2015-09-12,"14"
2015-09-19,"13"
2015-09-26,"13"
2015-10-03,"20"
2015-10-10,"21"
2015-10-17,"29"
2015-10-24,"26"
2015-10-31,"23"
2015-11-07,"21"
2015-11-14,"20"
2015-11-21,"23"
2015-11-28,"25"
2015-12-05,"33"
2015-12-12,"39"
2015-12-19,"45"
2015-12-26,"30"
2016-01-02,"38"
2016-01-09,"65"
2016-01-16,"68"
2016-01-23,"116"
2016-01-30,"228"
2016-02-06,"275"
2016-02-13,"301"
2016-02-20,"318"
2016-02-27,"299"
2016-03-05,"353"
2016-03-12,"402"
2016-03-19,"467"
2016-03-26,"418"
2016-04-02,"262"
2016-04-09,"142"
2016-04-16,"74"
2016-04-23,"39"
2016-04-30,"21"
2016-05-07,"13"
2016-05-14,"7"
2016-05-21,"6"
2016-05-28,"9"
2016-06-04,"9"
2016-06-11,"8"
2016-06-18,"8"
2016-06-25,"7"
2016-07-02,"6"
2016-07-09,"9"
2016-07-16,"4"
2016-07-23,"2"
2016-07-30,"5"
2016-08-06,"6"
2016-08-13,"3"
2016-08-20,"2"
2016-08-27,"3"
2016-09-03,"5"
2016-09-10,"4"
2016-09-17,"6"
2016-09-24,"9"
2016-10-01,"16"
2016-10-08,"21"
2016-10-15,"21"
2016-10-22,"20"
2016-10-29,"14"
2016-11-05,"23"
2016-11-12,"24"
2016-11-19,"32"
2016-11-26,"34"
2016-12-03,"62"
2016-12-10,"117"
2016-12-17,"194"
2016-12-24,"288"
2016-12-31,"345"
2017-01-07,"392"
2017-01-14,"400"
2017-01-21,"410"
2017-01-28,"394"
2017-02-04,"297"
2017-02-11,"144"
2017-02-18,"91"
2017-02-25,"45"
2017-03-04,"20"
2017-03-11,"18"
2017-03-18,"12"
2017-03-25,"13"
2017-04-01,"12"
2017-04-08,"2"
2017-04-15,"1"
2017-04-22,"2"
2017-04-29,"3"
2017-05-06,"3"
2017-05-13,"5"
2017-05-20,"4"
2017-05-27,"1"
2017-06-03,"2"
2017-06-10,"3"
2017-06-17,"2"
2017-06-24,"1"
2017-07-01,"5"
2017-07-08,"6"
2017-07-15,"8"
2017-07-22,"8"
2017-07-29,"6"
2017-08-05,"5"
2017-08-12,"4"
2017-08-19,"4"
2017-08-26,"4"
2017-09-02,"4"
2017-09-09,"4"
2017-09-16,"15"
2017-09-23,"18"
2017-09-30,"23"
2017-10-07,"20"
2017-10-14,"19"
2017-10-21,"15"
2017-10-28,"11"
2017-11-04,"13"
2017-11-11,"22"
2017-11-18,"21"
2017-11-25,"38"
2017-12-02,"58"
2017-12-09,"98"
2017-12-16,"199"
2017-12-23,"352"
2017-12-30,"459"
2018-01-06,"358"
2018-01-13,"302"
2018-01-20,"271"
2018-01-27,"267"
2018-02-03,"240"
2018-02-10,"211"
2018-02-17,"215"
2018-02-24,"201"
2018-03-03,"165"
2018-03-10,"142"
2018-03-17,"99"
2018-03-24,"79"
2018-03-31,"50"
2018-04-07,"35"
2018-04-14,"25"
2018-04-21,"7"
2018-04-28,"4"
2018-05-05,"5"
2018-05-12,"2"
2018-05-19,"4"
2018-05-26,"4"
2018-06-02,"5"
2018-06-09,"2"
2018-06-16,"5"
2018-06-23,"7"
2018-06-30,"6"
2018-07-07,"5"
2018-07-14,"3"
2018-07-21,"3"
2018-07-28,"3"
2018-08-04,"3"
2018-08-11,"3"
2018-08-18,"3"
2018-08-25,"2"
2018-09-01,"2"
2018-09-08,"5"
2018-09-15,"7"
2018-09-22,"11"
2018-09-29,"11"
2018-10-06,"11"
2018-10-13,"12"
2018-10-20,"12"
2018-10-27,"10"
2018-11-03,"10"
2018-11-10,"17"
2018-11-17,"17"
2018-11-24,"24"
2018-12-01,"30"
2018-12-08,"30"
2018-12-15,"42"
2018-12-22,"60"
2018-12-29,"58"
2019-01-05,"76"
2019-01-12,"115"
2019-01-19,"223"
2019-01-26,"366"
2019-02-02,"540"
2019-02-09,"599"
2019-02-16,"467"
2019-02-23,"262"
2019-03-02,"134"
2019-03-09,"76"
2019-03-16,"48"
2019-03-23,"34"
2019-03-30,"25"
2019-04-06,"19"
2019-04-13,"9"
2019-04-20,"6"
2019-04-27,"5"
2019-05-04,"2"
2019-05-11,"5"
2019-05-18,"4"
2019-05-25,"4"
2019-06-01,"3"
2019-06-08,"3"
2019-06-15,"1"
2019-06-22,"2"
2019-06-29,"3"
2019-07-06,"4"
2019-07-13,"2"
2019-07-20,"3"
2019-07-27,"3"
2019-08-03,"4"
2019-08-10,"2"
2019-08-17,"2"
2019-08-24,"3"
2019-08-31,"2"
2019-09-07,"3"
2019-09-14,"5"
2019-09-21,"7"
2019-09-28,"11"
2019-10-05,"13"
2019-10-12,"11"
2019-10-19,"12"
2019-10-26,"14"
2019-11-02,"12"
2019-11-09,"15"
2019-11-16,"24"
2019-11-23,"28"
2019-11-30,"34"
2019-12-07,"39"
2019-12-14,"52"
2019-12-21,"45"
2019-12-28,"43"
2020-01-04,"56"
2020-01-11,"81"
2020-01-18,"119"
2020-01-25,"186"
2020-02-01,"285"
2020-02-08,"314"
2020-02-15,"279"
2020-02-22,"218"
2020-02-29,"168"
2020-03-07,"159"
2020-03-14,"154"
2020-03-21,"163"
2020-03-28,"164"
2020-04-04,"109"
2020-04-11,"62"
2020-04-18,"37"
2020-04-25,"27"
2020-05-02,"25"
2020-05-09,"18"
2020-05-16,"14"
2020-05-23,"9"
2020-05-30,"5"
2020-06-06,"6"
2020-06-13,"5"
2020-06-20,"4"
2020-06-27,"6"
2020-07-04,"6"
2020-07-11,"13"
2020-07-18,"13"
2020-07-25,"12"
2020-08-01,"7"
2020-08-08,"9"
2020-08-15,"9"
2020-08-22,"9"
2020-08-29,"15"
2020-09-05,"16"
2020-09-12,"28"
2020-09-19,"39"
2020-09-26,"30"
2020-10-03,"31"
2020-10-10,"42"
2020-10-17,"53"
2020-10-24,"66"
2020-10-31,"68"
2020-11-07,"65"
2020-11-14,"38"
2020-11-21,"29"
2020-11-28,"21"
2020-12-05,"20"
2020-12-12,"26"
2020-12-19,"33"
2020-12-26,"25"
2021-01-02,"32"
2021-01-09,"33"
2021-01-16,"26"
2021-01-23,"33"
2021-01-30,"39"
2021-02-06,"34"
2021-02-13,"35"
2021-02-20,"34"
