"Location","Year","Week","Num_Patients","Total_ILI","Total_tests","H1_pos","B_pos","H3_pos"
13,2006,1,NA,NA,NA,NA,NA,NA
13,2006,2,NA,NA,NA,NA,NA,NA
13,2006,3,NA,NA,NA,NA,NA,NA
13,2006,4,NA,NA,NA,NA,NA,NA
13,2006,5,NA,NA,NA,NA,NA,NA
13,2006,6,NA,NA,NA,NA,NA,NA
13,2006,7,NA,NA,NA,NA,NA,NA
13,2006,8,NA,NA,NA,NA,NA,NA
13,2006,9,NA,NA,NA,NA,NA,NA
13,2006,10,NA,NA,NA,NA,NA,NA
13,2006,11,NA,NA,NA,NA,NA,NA
13,2006,12,NA,NA,NA,NA,NA,NA
13,2006,13,NA,NA,NA,NA,NA,NA
13,2006,14,NA,NA,NA,NA,NA,NA
13,2006,15,NA,NA,NA,NA,NA,NA
13,2006,16,NA,NA,NA,NA,NA,NA
13,2006,17,NA,NA,NA,NA,NA,NA
13,2006,18,NA,NA,NA,NA,NA,NA
13,2006,19,NA,NA,NA,NA,NA,NA
13,2006,20,NA,NA,NA,NA,NA,NA
13,2006,21,NA,NA,NA,NA,NA,NA
13,2006,22,NA,NA,NA,NA,NA,NA
13,2006,23,NA,NA,NA,NA,NA,NA
13,2006,24,NA,NA,NA,NA,NA,NA
13,2006,25,NA,NA,NA,NA,NA,NA
13,2006,26,NA,NA,NA,NA,NA,NA
13,2006,27,NA,NA,NA,NA,NA,NA
13,2006,28,NA,NA,NA,NA,NA,NA
13,2006,29,NA,NA,NA,NA,NA,NA
13,2006,30,NA,NA,NA,NA,NA,NA
13,2006,31,NA,NA,NA,NA,NA,NA
13,2006,32,NA,NA,NA,NA,NA,NA
13,2006,33,NA,NA,NA,NA,NA,NA
13,2006,34,NA,NA,NA,NA,NA,NA
13,2006,35,NA,NA,NA,NA,NA,NA
13,2006,36,NA,NA,NA,NA,NA,NA
13,2006,37,NA,NA,NA,NA,NA,NA
13,2006,38,NA,NA,NA,NA,NA,NA
13,2006,39,NA,NA,NA,NA,NA,NA
13,2006,40,NA,NA,NA,NA,NA,NA
13,2006,41,NA,NA,NA,NA,NA,NA
13,2006,42,NA,NA,NA,NA,NA,NA
13,2006,43,NA,NA,NA,NA,NA,NA
13,2006,44,NA,NA,NA,NA,NA,NA
13,2006,45,NA,NA,NA,NA,NA,NA
13,2006,46,NA,NA,NA,NA,NA,NA
13,2006,47,NA,NA,NA,NA,NA,NA
13,2006,48,NA,NA,NA,NA,NA,NA
13,2006,49,NA,NA,NA,NA,NA,NA
13,2006,50,NA,NA,NA,NA,NA,NA
13,2006,51,NA,NA,NA,NA,NA,NA
13,2006,52,NA,NA,NA,NA,NA,NA
13,2007,1,NA,NA,NA,NA,NA,NA
13,2007,2,NA,NA,NA,NA,NA,NA
13,2007,3,NA,NA,NA,NA,NA,NA
13,2007,4,NA,NA,NA,NA,NA,NA
13,2007,5,NA,NA,NA,NA,NA,NA
13,2007,6,NA,NA,NA,NA,NA,NA
13,2007,7,NA,NA,NA,NA,NA,NA
13,2007,8,NA,NA,NA,NA,NA,NA
13,2007,9,NA,NA,NA,NA,NA,NA
13,2007,10,NA,NA,NA,NA,NA,NA
13,2007,11,NA,NA,NA,NA,NA,NA
13,2007,12,NA,NA,NA,NA,NA,NA
13,2007,13,NA,NA,NA,NA,NA,NA
13,2007,14,NA,NA,NA,NA,NA,NA
13,2007,15,NA,NA,NA,NA,NA,NA
13,2007,16,NA,NA,NA,NA,NA,NA
13,2007,17,NA,NA,NA,NA,NA,NA
13,2007,18,NA,NA,NA,NA,NA,NA
13,2007,19,NA,NA,NA,NA,NA,NA
13,2007,20,NA,NA,NA,NA,NA,NA
13,2007,21,NA,NA,NA,NA,NA,NA
13,2007,22,NA,NA,NA,NA,NA,NA
13,2007,23,NA,NA,NA,NA,NA,NA
13,2007,24,NA,NA,NA,NA,NA,NA
13,2007,25,NA,NA,NA,NA,NA,NA
13,2007,26,1800,32,10,0,0,3
13,2007,27,1974,155,10,0,0,7
13,2007,28,2238,118,14,0,0,11
13,2007,29,2053,107,9,0,0,3
13,2007,30,2210,107,12,0,0,2
13,2007,31,1929,84,10,0,0,3
13,2007,32,1961,81,10,0,0,2
13,2007,33,1893,70,10,0,0,1
13,2007,34,2022,109,9,0,0,0
13,2007,35,1945,64,10,0,1,0
13,2007,36,1727,45,11,0,0,0
13,2007,37,1272,104,9,0,0,0
13,2007,38,2001,94,13,0,0,0
13,2007,39,1710,79,8,0,0,0
13,2007,40,1997,115,10,0,0,0
13,2007,41,1928,144,10,0,0,0
13,2007,42,1678,200,11,0,1,0
13,2007,43,2186,160,9,0,0,0
13,2007,44,2281,177,12,0,2,0
13,2007,45,2292,161,7,0,2,0
13,2007,46,1760,331,11,0,0,0
13,2007,47,2104,156,11,0,7,0
13,2007,48,1850,117,7,0,2,0
13,2007,49,1821,128,13,0,4,0
13,2007,50,2382,116,9,0,1,0
13,2007,51,1995,91,12,0,4,0
13,2007,52,1911,85,8,0,1,0
13,2008,1,NA,NA,NA,NA,NA,NA
13,2008,2,1701,119,11,0,1,0
13,2008,3,1698,107,10,0,4,0
13,2008,4,1698,141,10,0,3,0
13,2008,5,1849,119,9,0,2,0
13,2008,6,1780,110,0,0,0,0
13,2008,7,1101,46,2,0,0,0
13,2008,8,1390,76,7,0,2,0
13,2008,9,1591,82,11,0,2,0
13,2008,10,1853,127,10,0,0,0
13,2008,11,2332,170,12,0,0,1
13,2008,12,2147,155,8,0,0,0
13,2008,13,1550,159,10,0,2,0
13,2008,14,1888,84,10,0,0,0
13,2008,15,1888,105,11,0,0,2
13,2008,16,1769,106,9,0,0,0
13,2008,17,1964,115,9,1,0,0
13,2008,18,1910,109,7,0,0,0
13,2008,19,1358,100,13,0,0,1
13,2008,20,2142,112,9,0,2,0
13,2008,21,1975,100,10,0,1,0
13,2008,22,2115,107,9,0,2,0
13,2008,23,2255,111,11,0,0,4
13,2008,24,2018,119,10,1,1,0
13,2008,25,1859,126,11,1,1,2
13,2008,26,2016,101,11,0,1,2
13,2008,27,2219,160,8,1,0,3
13,2008,28,2065,115,10,3,1,0
13,2008,29,2044,224,11,4,0,1
13,2008,30,2039,225,9,4,0,2
13,2008,31,1941,222,10,0,0,1
13,2008,32,-99,214,10,1,1,0
13,2008,33,1827,222,10,1,0,0
13,2008,34,1962,205,11,1,1,0
13,2008,35,2027,214,10,0,1,0
13,2008,36,1976,201,8,0,0,1
13,2008,37,1612,200,10,0,1,1
13,2008,38,2513,232,13,1,3,1
13,2008,39,2019,288,8,1,2,1
13,2008,40,2137,275,10,1,1,1
13,2008,41,2358,205,9,0,2,0
13,2008,42,2300,206,10,2,1,0
13,2008,43,2431,291,11,0,3,1
13,2008,44,2465,227,11,0,1,2
13,2008,45,2384,240,9,1,2,1
13,2008,46,2621,279,9,2,2,1
13,2008,47,2359,182,11,0,2,2
13,2008,48,2177,135,9,1,2,2
13,2008,49,2304,243,11,0,3,1
13,2008,50,2635,228,9,0,1,5
13,2008,51,2565,202,10,0,2,3
13,2008,52,4857,376,18,0,0,4
13,2009,1,1939,167,9,0,0,1
13,2009,2,2461,151,11,0,0,0
13,2009,3,2461,195,0,0,0,0
13,2009,4,NA,NA,NA,NA,NA,NA
13,2009,5,NA,NA,NA,NA,NA,NA
13,2009,6,2408,150,9,0,0,0
13,2009,7,2507,171,10,0,0,0
13,2009,8,2261,166,10,0,0,0
13,2009,9,2546,192,12,0,2,0
13,2009,10,2546,186,7,0,0,0
13,2009,11,2395,186,12,0,0,0
13,2009,12,2028,199,9,0,0,0
13,2009,13,3549,216,10,0,1,0
13,2009,14,3549,222,10,0,0,0
13,2009,15,2223,192,13,0,0,0
13,2009,16,2464,210,11,0,1,0
13,2009,17,2611,210,4,0,0,1
13,2009,18,2611,185,13,0,2,2
13,2009,19,2155,330,11,0,1,3
13,2009,20,NA,NA,NA,NA,NA,NA
13,2009,21,3251,298,9,0,0,2
13,2009,22,2099,240,11,0,0,4
13,2009,23,2196,294,9,0,0,5
13,2009,24,3299,239,9,0,1,2
13,2009,25,3299,227,11,0,0,3
13,2009,26,3306,202,11,0,1,5
13,2009,27,3306,224,9,0,0,5
13,2009,28,3299,244,8,0,0,2
13,2009,29,NA,NA,NA,NA,NA,NA
13,2009,30,3201,238,10,0,2,0
13,2009,31,2887,223,11,0,1,1
13,2009,32,3051,231,9,0,1,0
13,2009,33,3051,221,11,0,0,3
13,2009,34,3479,247,9,1,1,0
13,2009,35,3476,239,10,0,1,0
13,2009,36,2306,215,12,5,0,0
13,2009,37,3201,228,9,7,0,0
13,2009,38,3201,228,11,10,0,0
13,2009,39,3994,243,10,7,0,0
13,2009,40,4058,471,10,7,0,0
13,2009,41,4058,430,8,4,0,0
13,2009,42,4371,392,12,10,0,0
13,2009,43,3852,265,10,3,1,0
13,2009,44,3852,254,9,2,1,0
13,2009,45,3852,242,11,0,0,0
13,2009,46,3852,242,10,0,0,0
13,2009,47,3852,188,10,0,1,0
13,2009,48,3852,188,10,0,1,0
13,2009,49,3852,247,9,0,1,0
13,2009,50,3852,247,9,1,1,0
13,2009,51,3349,234,9,0,0,0
13,2009,52,3349,199,9,0,0,0
13,2010,1,1939,195,10,0,0,0
13,2010,2,2961,184,11,0,0,0
13,2010,3,2639,185,9,0,0,0
13,2010,4,2992,197,9,0,0,0
13,2010,5,2992,218,9,0,0,0
13,2010,6,NA,NA,NA,NA,NA,NA
13,2010,7,NA,NA,NA,NA,NA,NA
13,2010,8,3376,170,7,0,0,0
13,2010,9,3376,197,10,0,0,0
13,2010,10,3376,171,12,0,0,0
13,2010,11,2931,195,9,0,2,0
13,2010,12,2931,191,10,0,0,0
13,2010,13,2931,164,10,0,0,0
13,2010,14,2821,177,11,0,0,0
13,2010,15,2990,166,9,0,0,0
13,2010,16,2990,157,11,0,0,0
13,2010,17,999,146,6,0,0,0
13,2010,18,2850,174,14,0,1,0
13,2010,19,3064,166,9,0,1,0
13,2010,20,3946,169,10,0,0,0
13,2010,21,3946,172,10,0,2,0
13,2010,22,2817,169,10,0,0,0
13,2010,23,2917,180,10,0,0,0
13,2010,24,2610,156,9,0,3,0
13,2010,25,2826,194,12,0,3,0
13,2010,26,2826,159,9,0,0,0
13,2010,27,3043,174,11,0,1,2
13,2010,28,3043,185,10,1,1,0
13,2010,29,3043,204,10,0,1,0
13,2010,30,3451,194,9,0,1,2
13,2010,31,3144,200,8,0,0,4
13,2010,32,3253,282,11,0,1,3
13,2010,33,3404,211,10,0,0,6
13,2010,34,3404,249,11,0,2,2
13,2010,35,2196,190,5,0,0,2
13,2010,36,3031,184,15,0,5,1
13,2010,37,3438,217,11,0,1,1
13,2010,38,3250,207,7,0,3,0
13,2010,39,3309,204,12,3,7,1
13,2010,40,3335,165,12,2,4,0
13,2010,41,3335,182,7,2,1,0
13,2010,42,3086,196,11,2,4,1
13,2010,43,3330,197,11,1,2,0
13,2010,44,3175,189,9,0,6,0
13,2010,45,3289,173,10,0,5,0
13,2010,46,3154,161,9,0,2,0
13,2010,47,3256,151,12,0,9,0
13,2010,48,3317,162,8,1,4,0
13,2010,49,3109,165,10,0,6,0
13,2010,50,NA,NA,NA,NA,NA,NA
13,2010,51,NA,NA,NA,NA,NA,NA
13,2010,52,NA,NA,NA,NA,NA,NA
13,2011,1,NA,NA,NA,NA,NA,NA
13,2011,2,NA,NA,NA,NA,NA,NA
13,2011,3,NA,NA,NA,NA,NA,NA
13,2011,4,NA,NA,NA,NA,NA,NA
13,2011,5,NA,NA,NA,NA,NA,NA
13,2011,6,NA,NA,NA,NA,NA,NA
13,2011,7,NA,NA,NA,NA,NA,NA
13,2011,8,NA,NA,NA,NA,NA,NA
13,2011,9,NA,NA,NA,NA,NA,NA
13,2011,10,NA,NA,NA,NA,NA,NA
13,2011,11,NA,NA,NA,NA,NA,NA
13,2011,12,NA,NA,NA,NA,NA,NA
13,2011,13,NA,NA,NA,NA,NA,NA
13,2011,14,NA,NA,NA,NA,NA,NA
13,2011,15,NA,NA,NA,NA,NA,NA
13,2011,16,1939,267,8,1,0,0
13,2011,17,1939,164,12,5,0,0
13,2011,18,1444,113,12,1,0,0
13,2011,19,1619,108,10,0,0,0
13,2011,20,1615,127,10,1,0,0
13,2011,21,1615,237,10,1,0,0
13,2011,22,3005,228,10,1,0,0
13,2011,23,3188,292,10,0,0,0
13,2011,24,2860,287,11,0,0,0
13,2011,25,2204,245,9,0,0,0
13,2011,26,2665,246,9,1,0,0
13,2011,27,3172,177,22,1,0,0
13,2011,28,3172,189,20,3,0,0
13,2011,29,2950,189,20,11,0,0
13,2011,30,2720,212,19,1,1,0
13,2011,31,3448,209,20,9,0,0
13,2011,32,3073,197,20,10,1,0
13,2011,33,3040,221,18,0,2,0
13,2011,34,3072,213,22,12,0,0
13,2011,35,2339,235,18,4,0,0
13,2011,36,2339,235,16,2,0,0
13,2011,37,3128,209,20,4,1,1
13,2011,38,3121,262,18,3,1,0
13,2011,39,3121,200,19,5,6,0
13,2011,40,NA,NA,NA,NA,NA,NA
13,2011,41,NA,NA,NA,NA,NA,NA
13,2011,42,NA,NA,NA,NA,NA,NA
13,2011,43,NA,NA,NA,NA,NA,NA
13,2011,44,NA,NA,NA,NA,NA,NA
13,2011,45,NA,NA,NA,NA,NA,NA
13,2011,46,NA,NA,NA,NA,NA,NA
13,2011,47,NA,NA,NA,NA,NA,NA
13,2011,48,NA,NA,NA,NA,NA,NA
13,2011,49,NA,NA,NA,NA,NA,NA
13,2011,50,NA,NA,NA,NA,NA,NA
13,2011,51,NA,NA,NA,NA,NA,NA
13,2011,52,NA,NA,NA,NA,NA,NA
13,2012,1,NA,NA,NA,NA,NA,NA
13,2012,2,NA,NA,NA,NA,NA,NA
13,2012,3,NA,NA,NA,NA,NA,NA
13,2012,4,NA,NA,NA,NA,NA,NA
13,2012,5,NA,NA,NA,NA,NA,NA
13,2012,6,NA,NA,NA,NA,NA,NA
13,2012,7,NA,NA,NA,NA,NA,NA
13,2012,8,NA,NA,NA,NA,NA,NA
13,2012,9,NA,NA,NA,NA,NA,NA
13,2012,10,NA,NA,NA,NA,NA,NA
13,2012,11,NA,NA,NA,NA,NA,NA
13,2012,12,NA,NA,NA,NA,NA,NA
13,2012,13,NA,NA,NA,NA,NA,NA
13,2012,14,NA,NA,NA,NA,NA,NA
13,2012,15,NA,NA,NA,NA,NA,NA
13,2012,16,NA,NA,NA,NA,NA,NA
13,2012,17,NA,NA,NA,NA,NA,NA
13,2012,18,NA,NA,NA,NA,NA,NA
13,2012,19,NA,NA,NA,NA,NA,NA
13,2012,20,NA,NA,NA,NA,NA,NA
13,2012,21,NA,NA,NA,NA,NA,NA
13,2012,22,NA,NA,NA,NA,NA,NA
13,2012,23,NA,NA,NA,NA,NA,NA
13,2012,24,NA,NA,NA,NA,NA,NA
13,2012,25,NA,NA,NA,NA,NA,NA
13,2012,26,NA,NA,NA,NA,NA,NA
13,2012,27,NA,NA,NA,NA,NA,NA
13,2012,28,NA,NA,NA,NA,NA,NA
13,2012,29,NA,NA,NA,NA,NA,NA
13,2012,30,NA,NA,NA,NA,NA,NA
13,2012,31,NA,NA,NA,NA,NA,NA
13,2012,32,NA,NA,NA,NA,NA,NA
13,2012,33,NA,NA,NA,NA,NA,NA
13,2012,34,NA,NA,NA,NA,NA,NA
13,2012,35,NA,NA,NA,NA,NA,NA
13,2012,36,NA,NA,NA,NA,NA,NA
13,2012,37,NA,NA,NA,NA,NA,NA
13,2012,38,2110,91,11,0,4,0
13,2012,39,1719,57,9,0,0,0
13,2012,40,1836,126,9,0,4,0
13,2012,41,2282,62,10,0,1,0
13,2012,42,2268,112,11,0,6,0
13,2012,43,2117,101,10,0,3,0
13,2012,44,1963,76,11,0,4,0
13,2012,45,2467,97,9,0,2,0
13,2012,46,2183,93,11,0,3,0
13,2012,47,1982,96,9,0,3,0
13,2012,48,2179,80,10,0,5,0
13,2012,49,1866,54,9,0,0,0
13,2012,50,1932,52,11,0,1,0
13,2012,51,1919,67,11,0,1,0
13,2012,52,1931,73,8,0,1,0
13,2013,1,1182,39,5,0,1,0
13,2013,2,1842,35,10,0,1,0
13,2013,3,1882,17,10,0,0,0
13,2013,4,1782,37,10,0,0,0
13,2013,5,1914,26,10,0,0,0
13,2013,6,1616,21,6,0,0,0
13,2013,7,NA,NA,NA,NA,NA,NA
13,2013,8,2350,31,10,0,1,0
13,2013,9,1957,25,8,1,0,0
13,2013,10,2048,22,10,0,0,0
13,2013,11,2001,32,9,0,0,0
13,2013,12,2248,15,10,0,0,0
13,2013,13,1904,37,10,0,0,0
13,2013,14,2015,46,11,0,0,0
13,2013,15,2033,34,10,0,0,0
13,2013,16,1650,47,9,0,0,1
13,2013,17,1883,47,8,0,0,0
13,2013,18,1195,38,10,2,0,1
13,2013,19,1931,71,10,1,0,1
13,2013,20,2048,36,10,2,0,1
13,2013,21,1955,48,11,4,3,1
13,2013,22,1990,57,11,6,0,1
13,2013,23,2197,70,11,3,0,1
13,2013,24,2099,65,8,2,0,2
13,2013,25,2110,72,10,1,0,0
13,2013,26,1933,91,12,0,0,5
13,2013,27,2142,97,9,2,0,4
13,2013,28,2329,99,9,0,0,4
13,2013,29,1992,90,10,1,0,2
13,2013,30,1966,84,10,0,0,0
13,2013,31,1966,59,10,0,1,1
13,2013,32,2268,53,10,0,0,1
13,2013,33,2102,68,10,2,0,3
13,2013,34,2121,80,11,1,0,0
13,2013,35,1539,49,9,0,0,4
13,2013,36,1940,48,9,0,0,0
13,2013,37,2315,51,9,1,0,0
13,2013,38,2526,63,10,0,0,1
13,2013,39,2777,71,13,0,0,1
13,2013,40,2493,76,8,0,0,0
13,2013,41,2406,79,9,0,0,0
13,2013,42,2299,77,9,1,2,2
13,2013,43,2282,67,11,0,0,1
13,2013,44,2250,58,9,1,0,3
13,2013,45,2229,73,10,0,1,2
13,2013,46,2527,75,11,0,2,2
13,2013,47,2307,68,8,0,3,4
13,2013,48,2187,56,11,0,6,3
13,2013,49,2049,63,9,0,2,2
13,2013,50,2328,90,12,0,5,1
13,2013,51,1970,69,9,0,3,3
13,2013,52,2496,88,9,0,0,0
13,2014,1,NA,NA,NA,NA,NA,NA
13,2014,2,NA,NA,NA,NA,NA,NA
13,2014,3,NA,NA,NA,NA,NA,NA
13,2014,4,NA,NA,NA,NA,NA,NA
13,2014,5,NA,NA,NA,NA,NA,NA
13,2014,6,NA,NA,NA,NA,NA,NA
13,2014,7,NA,NA,NA,NA,NA,NA
13,2014,8,NA,NA,NA,NA,NA,NA
13,2014,9,NA,NA,NA,NA,NA,NA
13,2014,10,NA,NA,NA,NA,NA,NA
13,2014,11,NA,NA,NA,NA,NA,NA
13,2014,12,NA,NA,NA,NA,NA,NA
13,2014,13,NA,NA,NA,NA,NA,NA
13,2014,14,NA,NA,NA,NA,NA,NA
13,2014,15,NA,NA,NA,NA,NA,NA
13,2014,16,NA,NA,NA,NA,NA,NA
13,2014,17,NA,NA,NA,NA,NA,NA
13,2014,18,NA,NA,NA,NA,NA,NA
13,2014,19,NA,NA,NA,NA,NA,NA
13,2014,20,NA,NA,NA,NA,NA,NA
13,2014,21,NA,NA,NA,NA,NA,NA
13,2014,22,NA,NA,NA,NA,NA,NA
13,2014,23,NA,NA,NA,NA,NA,NA
13,2014,24,NA,NA,NA,NA,NA,NA
13,2014,25,NA,NA,NA,NA,NA,NA
13,2014,26,NA,NA,NA,NA,NA,NA
13,2014,27,NA,NA,NA,NA,NA,NA
13,2014,28,NA,NA,NA,NA,NA,NA
13,2014,29,NA,NA,NA,NA,NA,NA
13,2014,30,NA,NA,NA,NA,NA,NA
13,2014,31,NA,NA,NA,NA,NA,NA
13,2014,32,NA,NA,NA,NA,NA,NA
13,2014,33,NA,NA,NA,NA,NA,NA
13,2014,34,NA,NA,NA,NA,NA,NA
13,2014,35,NA,NA,NA,NA,NA,NA
13,2014,36,1705,107,10,0,1,0
13,2014,37,2364,88,9,0,4,0
13,2014,38,2419,97,9,0,1,0
13,2014,39,2368,110,8,0,6,0
13,2014,40,2387,128,0,0,0,0
13,2014,41,2430,129,13,0,7,0
13,2014,42,2507,112,7,0,3,0
13,2014,43,4495,80,9,0,3,0
13,2014,44,4361,90,10,0,3,0
13,2014,45,2335,88,6,0,1,0
13,2014,46,NA,NA,NA,NA,NA,NA
13,2014,47,NA,NA,NA,NA,NA,NA
13,2014,48,2185,143,10,3,2,0
13,2014,49,NA,NA,NA,NA,NA,NA
13,2014,50,2543,134,7,1,3,0
13,2014,51,2271,219,10,1,1,0
13,2014,52,NA,NA,NA,NA,NA,NA
13,2015,1,NA,NA,NA,NA,NA,NA
13,2015,2,NA,NA,NA,NA,NA,NA
13,2015,3,NA,NA,NA,NA,NA,NA
13,2015,4,NA,NA,NA,NA,NA,NA
13,2015,5,NA,NA,NA,NA,NA,NA
13,2015,6,NA,NA,NA,NA,NA,NA
13,2015,7,NA,NA,NA,NA,NA,NA
13,2015,8,NA,NA,NA,NA,NA,NA
13,2015,9,NA,NA,NA,NA,NA,NA
13,2015,10,NA,NA,NA,NA,NA,NA
13,2015,11,NA,NA,NA,NA,NA,NA
13,2015,12,NA,NA,NA,NA,NA,NA
13,2015,13,NA,NA,NA,NA,NA,NA
13,2015,14,NA,NA,NA,NA,NA,NA
13,2015,15,NA,NA,NA,NA,NA,NA
13,2015,16,NA,NA,NA,NA,NA,NA
13,2015,17,NA,NA,NA,NA,NA,NA
13,2015,18,NA,NA,NA,NA,NA,NA
13,2015,19,NA,NA,NA,NA,NA,NA
13,2015,20,NA,NA,NA,NA,NA,NA
13,2015,21,NA,NA,NA,NA,NA,NA
13,2015,22,NA,NA,NA,NA,NA,NA
13,2015,23,NA,NA,NA,NA,NA,NA
13,2015,24,1674,93,7,1,0,1
13,2015,25,NA,NA,NA,NA,NA,NA
13,2015,26,NA,NA,NA,NA,NA,NA
13,2015,27,1567,87,5,0,0,0
13,2015,28,1859,93,11,0,0,5
13,2015,29,1703,101,9,0,1,1
13,2015,30,1686,96,7,0,0,0
13,2015,31,1693,120,10,0,0,5
13,2015,32,1635,117,10,0,0,7
13,2015,33,4380,34,11,0,0,3
13,2015,34,3719,31,10,0,0,5
13,2015,35,3296,22,10,0,0,2
13,2015,36,3924,27,11,0,0,0
13,2015,37,4411,32,10,0,0,2
13,2015,38,3826,25,9,0,0,2
13,2015,39,1901,82,10,0,0,1
13,2015,40,3564,34,11,0,0,5
13,2015,41,3878,41,10,0,0,5
13,2015,42,2008,51,0,0,0,0
13,2015,43,1972,148,0,0,0,0
13,2015,44,1780,55,0,0,0,0
13,2015,45,NA,NA,NA,NA,NA,NA
13,2015,46,NA,NA,NA,NA,NA,NA
13,2015,47,NA,NA,NA,NA,NA,NA
13,2015,48,NA,NA,NA,NA,NA,NA
13,2015,49,NA,NA,NA,NA,NA,NA
13,2015,50,NA,NA,NA,NA,NA,NA
13,2015,51,NA,NA,NA,NA,NA,NA
13,2015,52,NA,NA,NA,NA,NA,NA
14,2006,1,NA,NA,NA,NA,NA,NA
14,2006,2,1554,124,3,0,1,0
14,2006,3,1430,83,15,0,5,0
14,2006,4,848,53,6,0,2,0
14,2006,5,NA,NA,NA,NA,NA,NA
14,2006,6,NA,NA,NA,NA,NA,NA
14,2006,7,1282,214,17,0,0,0
14,2006,8,1417,251,11,0,1,0
14,2006,9,1113,249,9,0,0,0
14,2006,10,1481,199,10,0,1,0
14,2006,11,1507,259,10,0,0,0
14,2006,12,1596,250,8,0,0,0
14,2006,13,1425,305,10,0,0,0
14,2006,14,1426,192,10,0,0,0
14,2006,15,1384,250,12,0,0,0
14,2006,16,1527,305,8,0,0,0
14,2006,17,1201,204,10,0,1,0
14,2006,18,1179,249,10,0,1,0
14,2006,19,1356,248,10,2,2,0
14,2006,20,1371,266,10,3,2,0
14,2006,21,1505,321,17,9,1,0
14,2006,22,1686,417,13,8,0,0
14,2006,23,1877,366,10,4,1,0
14,2006,24,1854,417,10,5,0,0
14,2006,25,1911,447,10,3,1,0
14,2006,26,1727,428,7,1,0,0
14,2006,27,1174,385,6,0,1,0
14,2006,28,1690,362,13,2,0,0
14,2006,29,1645,368,13,0,1,0
14,2006,30,1490,311,9,0,1,0
14,2006,31,1498,306,7,0,0,0
14,2006,32,1398,284,9,0,0,0
14,2006,33,1676,237,7,0,1,0
14,2006,34,1542,313,13,0,0,0
14,2006,35,1516,277,11,0,0,0
14,2006,36,NA,NA,NA,NA,NA,NA
14,2006,37,1501,285,7,1,2,0
14,2006,38,1512,284,12,0,2,0
14,2006,39,1517,336,8,0,3,0
14,2006,40,1671,318,8,0,3,1
14,2006,41,1800,378,12,0,2,0
14,2006,42,1843,338,10,0,1,0
14,2006,43,1819,401,10,0,2,0
14,2006,44,1722,382,9,0,2,0
14,2006,45,1675,352,11,0,1,1
14,2006,46,1793,341,10,0,1,1
14,2006,47,1744,310,9,0,0,0
14,2006,48,1518,320,10,0,0,0
14,2006,49,1562,349,10,0,0,1
14,2006,50,1685,318,10,0,1,0
14,2006,51,1582,286,12,0,0,1
14,2006,52,1677,285,8,0,0,1
14,2007,1,1299,244,10,0,1,0
14,2007,2,1381,237,9,0,0,0
14,2007,3,1296,207,12,0,0,0
14,2007,4,1279,223,13,0,0,0
14,2007,5,1156,199,6,0,0,0
14,2007,6,1223,198,10,0,0,0
14,2007,7,0,0,0,0,0,0
14,2007,8,0,0,2,0,0,0
14,2007,9,574,209,12,0,0,0
14,2007,10,574,209,9,0,0,0
14,2007,11,452,188,10,0,0,1
14,2007,12,444,104,9,0,0,0
14,2007,13,442,63,11,0,0,1
14,2007,14,396,53,13,0,0,0
14,2007,15,401,44,11,0,0,0
14,2007,16,367,59,9,0,0,1
14,2007,17,309,54,5,0,0,0
14,2007,18,237,31,8,0,0,0
14,2007,19,330,46,6,0,0,0
14,2007,20,351,43,10,0,0,1
14,2007,21,485,71,11,0,0,2
14,2007,22,504,86,11,0,0,1
14,2007,23,738,138,10,0,0,1
14,2007,24,774,94,4,0,0,0
14,2007,25,709,82,9,0,0,1
14,2007,26,699,69,16,1,0,3
14,2007,27,536,63,13,0,0,4
14,2007,28,610,60,10,0,0,0
14,2007,29,487,74,14,0,0,0
14,2007,30,554,93,9,0,0,0
14,2007,31,551,81,4,0,0,0
14,2007,32,554,71,7,0,0,0
14,2007,33,557,75,13,0,0,0
14,2007,34,496,78,7,0,0,1
14,2007,35,500,121,8,0,0,0
14,2007,36,394,47,9,0,0,0
14,2007,37,644,111,11,0,0,0
14,2007,38,699,135,7,0,0,0
14,2007,39,715,95,10,0,0,0
14,2007,40,687,82,11,0,0,0
14,2007,41,602,103,8,0,0,0
14,2007,42,689,109,15,0,1,0
14,2007,43,749,140,11,0,1,0
14,2007,44,720,71,13,0,2,0
14,2007,45,720,116,13,0,0,0
14,2007,46,785,96,11,0,1,0
14,2007,47,818,131,8,0,0,0
14,2007,48,675,94,10,0,0,0
14,2007,49,756,92,9,0,0,0
14,2007,50,687,96,5,0,0,0
14,2007,51,646,68,9,0,0,0
14,2007,52,621,102,13,0,1,0
14,2008,1,NA,NA,NA,NA,NA,NA
14,2008,2,457,76,13,0,0,0
14,2008,3,589,87,9,0,2,0
14,2008,4,512,80,10,0,6,0
14,2008,5,504,72,9,0,4,0
14,2008,6,375,33,0,0,0,0
14,2008,7,NA,NA,NA,NA,NA,NA
14,2008,8,879,278,5,0,0,0
14,2008,9,479,59,9,0,0,0
14,2008,10,493,42,5,0,0,0
14,2008,11,500,58,14,0,0,0
14,2008,12,521,43,17,0,0,0
14,2008,13,517,66,17,0,0,0
14,2008,14,603,83,8,0,0,0
14,2008,15,528,49,7,0,0,0
14,2008,16,527,57,7,0,0,0
14,2008,17,465,36,16,0,0,0
14,2008,18,532,63,2,0,0,0
14,2008,19,304,29,8,0,2,0
14,2008,20,564,59,15,0,0,0
14,2008,21,570,85,11,0,1,0
14,2008,22,651,121,12,5,0,0
14,2008,23,675,100,10,1,0,0
14,2008,24,634,81,14,4,1,0
14,2008,25,690,123,9,1,1,0
14,2008,26,690,131,11,1,0,2
14,2008,27,718,135,8,2,0,0
14,2008,28,696,128,12,1,1,0
14,2008,29,728,133,8,2,1,0
14,2008,30,689,125,12,1,0,2
14,2008,31,703,118,10,1,0,0
14,2008,32,751,163,7,0,0,0
14,2008,33,756,95,4,0,0,0
14,2008,34,629,102,10,0,0,0
14,2008,35,630,86,9,0,0,0
14,2008,36,702,142,4,0,0,0
14,2008,37,625,122,6,0,3,0
14,2008,38,785,132,13,1,0,2
14,2008,39,817,167,9,0,0,0
14,2008,40,819,102,7,0,0,0
14,2008,41,915,215,10,0,0,0
14,2008,42,867,134,14,1,0,0
14,2008,43,773,145,11,0,0,0
14,2008,44,781,172,16,0,0,2
14,2008,45,628,156,14,0,1,5
14,2008,46,728,155,12,0,1,2
14,2008,47,877,222,9,0,0,1
14,2008,48,765,142,13,0,3,0
14,2008,49,NA,NA,NA,NA,NA,NA
14,2008,50,616,170,10,0,0,1
14,2008,51,791,170,6,0,0,0
14,2008,52,1238,212,5,0,0,0
14,2009,1,532,81,17,0,0,0
14,2009,2,412,120,9,0,0,0
14,2009,3,609,90,0,0,0,0
14,2009,4,NA,NA,NA,NA,NA,NA
14,2009,5,NA,NA,NA,NA,NA,NA
14,2009,6,621,67,8,0,0,1
14,2009,7,662,58,9,0,0,0
14,2009,8,746,92,7,0,0,0
14,2009,9,624,124,8,0,1,0
14,2009,10,612,76,7,0,0,0
14,2009,11,346,62,10,0,0,0
14,2009,12,775,69,12,1,0,1
14,2009,13,587,46,5,0,1,0
14,2009,14,632,47,10,0,0,1
14,2009,15,592,59,18,0,0,4
14,2009,16,681,161,14,0,0,5
14,2009,17,769,103,7,0,0,4
14,2009,18,491,67,16,0,0,6
14,2009,19,831,98,13,0,0,0
14,2009,20,981,127,12,0,0,5
14,2009,21,979,85,13,0,0,4
14,2009,22,775,137,11,0,0,4
14,2009,23,226,155,7,0,1,2
14,2009,24,808,167,10,0,1,4
14,2009,25,798,93,10,0,1,1
14,2009,26,761,84,17,0,1,1
14,2009,27,923,136,10,0,0,2
14,2009,28,780,59,8,0,0,0
14,2009,29,746,74,4,0,1,0
14,2009,30,721,67,14,2,2,0
14,2009,31,862,136,17,4,0,0
14,2009,32,1099,142,9,3,2,0
14,2009,33,1050,154,17,4,2,0
14,2009,34,961,142,11,6,1,0
14,2009,35,808,167,4,1,0,0
14,2009,36,886,72,11,5,0,0
14,2009,37,1047,122,8,7,0,0
14,2009,38,1256,123,8,6,0,0
14,2009,39,1256,153,4,0,0,0
14,2009,40,1149,116,8,1,0,0
14,2009,41,1069,55,1,1,0,0
14,2009,42,NA,NA,NA,NA,NA,NA
14,2009,43,893,124,4,0,0,0
14,2009,44,842,112,10,1,0,0
14,2009,45,1741,56,15,0,1,0
14,2009,46,697,64,8,0,1,0
14,2009,47,729,86,6,0,0,0
14,2009,48,649,70,11,0,0,0
14,2009,49,732,50,14,0,0,0
14,2009,50,768,62,14,0,0,0
14,2009,51,776,96,7,0,0,0
14,2009,52,862,50,10,0,0,0
14,2010,1,388,52,16,0,0,0
14,2010,2,388,52,14,0,1,0
14,2010,3,581,49,4,0,0,0
14,2010,4,NA,NA,NA,NA,NA,NA
14,2010,5,388,52,1,0,0,0
14,2010,6,380,42,0,0,0,0
14,2010,7,583,32,0,0,0,0
14,2010,8,782,49,4,0,0,0
14,2010,9,800,50,5,0,1,0
14,2010,10,800,50,3,0,0,0
14,2010,11,800,50,14,0,0,0
14,2010,12,NA,NA,NA,NA,NA,NA
14,2010,13,NA,NA,NA,NA,NA,NA
14,2010,14,NA,NA,NA,NA,NA,NA
14,2010,15,NA,NA,NA,NA,NA,NA
14,2010,16,NA,NA,NA,NA,NA,NA
14,2010,17,NA,NA,NA,NA,NA,NA
14,2010,18,NA,NA,NA,NA,NA,NA
14,2010,19,NA,NA,NA,NA,NA,NA
14,2010,20,NA,NA,NA,NA,NA,NA
14,2010,21,NA,NA,NA,NA,NA,NA
14,2010,22,NA,NA,NA,NA,NA,NA
14,2010,23,NA,NA,NA,NA,NA,NA
14,2010,24,NA,NA,NA,NA,NA,NA
14,2010,25,700,30,5,0,0,1
14,2010,26,374,110,7,0,2,1
14,2010,27,470,91,9,0,2,2
14,2010,28,404,89,12,1,0,7
14,2010,29,373,89,9,2,2,2
14,2010,30,382,90,6,0,2,2
14,2010,31,380,81,7,0,1,2
14,2010,32,395,62,9,1,1,4
14,2010,33,375,65,10,0,0,4
14,2010,34,312,64,6,1,1,1
14,2010,35,290,43,5,0,2,1
14,2010,36,401,47,5,0,1,1
14,2010,37,465,89,16,3,6,2
14,2010,38,454,81,12,0,2,1
14,2010,39,452,92,6,0,3,0
14,2010,40,433,36,2,0,1,0
14,2010,41,459,45,8,0,2,0
14,2010,42,457,58,5,0,4,0
14,2010,43,409,55,11,1,5,0
14,2010,44,407,40,5,1,1,0
14,2010,45,291,49,6,0,1,0
14,2010,46,432,55,5,0,2,0
14,2010,47,426,43,11,0,4,0
14,2010,48,406,25,9,1,1,0
14,2010,49,384,45,6,1,1,0
14,2010,50,393,46,6,2,0,0
14,2010,51,490,53,3,2,0,0
14,2010,52,397,34,1,0,0,0
14,2011,1,323,78,10,2,0,0
14,2011,2,481,106,12,5,0,0
14,2011,3,388,88,16,0,0,0
14,2011,4,391,89,10,3,0,0
14,2011,5,NA,NA,NA,NA,NA,NA
14,2011,6,NA,NA,NA,NA,NA,NA
14,2011,7,NA,NA,NA,NA,NA,NA
14,2011,8,404,60,5,3,0,0
14,2011,9,371,79,18,4,1,0
14,2011,10,424,81,12,5,0,0
14,2011,11,385,107,12,3,0,0
14,2011,12,436,107,11,4,0,0
14,2011,13,623,65,19,4,0,0
14,2011,14,600,60,11,2,0,0
14,2011,15,288,44,6,0,1,0
14,2011,16,285,27,6,0,0,0
14,2011,17,251,32,11,4,0,0
14,2011,18,156,16,3,1,0,0
14,2011,19,301,36,1,0,0,0
14,2011,20,313,41,2,2,0,0
14,2011,21,313,34,7,1,0,0
14,2011,22,312,29,4,0,0,0
14,2011,23,329,49,11,2,0,0
14,2011,24,355,44,2,0,0,0
14,2011,25,413,49,7,0,0,0
14,2011,26,396,63,0,0,0,0
14,2011,27,449,45,6,2,0,0
14,2011,28,483,43,7,1,0,0
14,2011,29,486,62,7,0,0,0
14,2011,30,481,28,1,1,0,0
14,2011,31,466,20,0,0,0,0
14,2011,32,453,29,0,0,0,0
14,2011,33,465,65,11,2,0,1
14,2011,34,475,55,5,1,0,0
14,2011,35,411,57,11,1,0,0
14,2011,36,490,103,18,0,1,0
14,2011,37,405,107,13,1,1,0
14,2011,38,513,76,15,4,0,0
14,2011,39,509,71,17,3,1,0
14,2011,40,514,122,13,1,0,2
14,2011,41,502,121,16,4,4,0
14,2011,42,598,136,13,2,0,0
14,2011,43,554,138,17,5,2,0
14,2011,44,524,141,8,2,2,0
14,2011,45,550,118,10,2,3,1
14,2011,46,532,116,13,2,2,1
14,2011,47,643,117,7,1,0,1
14,2011,48,469,129,10,1,0,0
14,2011,49,489,115,11,0,1,1
14,2011,50,461,102,10,0,1,0
14,2011,51,370,100,9,0,0,0
14,2011,52,441,104,8,0,1,1
14,2012,1,343,99,11,0,1,0
14,2012,2,386,102,6,0,0,0
14,2012,3,327,86,13,0,0,0
14,2012,4,NA,NA,NA,NA,NA,NA
14,2012,5,395,103,17,0,0,0
14,2012,6,389,120,13,0,1,0
14,2012,7,425,124,12,0,1,0
14,2012,8,396,116,5,0,0,0
14,2012,9,398,114,15,0,2,1
14,2012,10,363,103,8,0,1,0
14,2012,11,508,95,13,0,3,0
14,2012,12,427,96,8,0,2,0
14,2012,13,441,94,9,0,2,0
14,2012,14,262,86,11,0,3,0
14,2012,15,404,74,7,0,2,2
14,2012,16,404,39,14,0,2,1
14,2012,17,381,34,8,0,2,1
14,2012,18,261,21,12,0,3,1
14,2012,19,409,57,9,0,3,2
14,2012,20,450,48,9,0,0,6
14,2012,21,460,42,11,0,1,4
14,2012,22,462,52,10,0,1,3
14,2012,23,521,108,11,0,2,4
14,2012,24,551,68,6,0,1,2
14,2012,25,542,103,12,0,0,7
14,2012,26,489,78,11,0,2,2
14,2012,27,431,97,10,0,2,5
14,2012,28,504,59,10,0,3,3
14,2012,29,498,59,11,0,0,1
14,2012,30,500,57,8,0,2,3
14,2012,31,489,95,7,0,0,0
14,2012,32,477,71,12,0,2,0
14,2012,33,465,54,11,0,1,0
14,2012,34,523,53,10,0,4,0
14,2012,35,559,75,10,0,1,0
14,2012,36,453,71,10,0,1,0
14,2012,37,591,96,11,0,4,0
14,2012,38,703,75,9,0,1,0
14,2012,39,621,78,8,0,2,0
14,2012,40,729,71,12,0,5,0
14,2012,41,905,69,11,0,4,0
14,2012,42,755,143,10,0,4,0
14,2012,43,752,83,8,0,1,0
14,2012,44,879,96,8,0,2,0
14,2012,45,727,165,13,0,6,0
14,2012,46,617,124,4,0,1,0
14,2012,47,620,77,12,0,1,0
14,2012,48,608,58,10,0,3,0
14,2012,49,565,80,11,0,2,0
14,2012,50,553,74,13,0,0,0
14,2012,51,518,93,10,0,1,0
14,2012,52,454,61,10,0,1,0
14,2013,1,377,59,11,0,2,0
14,2013,2,440,75,7,0,0,0
14,2013,3,474,154,13,0,0,0
14,2013,4,461,152,10,0,0,0
14,2013,5,422,138,10,0,0,0
14,2013,6,387,107,8,0,0,0
14,2013,7,NA,NA,NA,NA,NA,NA
14,2013,8,441,132,13,0,0,0
14,2013,9,421,93,2,0,0,0
14,2013,10,447,70,3,1,0,0
14,2013,11,403,95,9,1,0,0
14,2013,12,409,130,8,0,0,0
14,2013,13,470,128,13,0,0,0
14,2013,14,502,95,14,4,0,0
14,2013,15,460,73,11,4,0,0
14,2013,16,351,56,16,5,0,2
14,2013,17,417,71,10,4,0,0
14,2013,18,228,33,8,4,0,1
14,2013,19,NA,NA,NA,NA,NA,NA
14,2013,20,403,74,13,3,0,0
14,2013,21,436,77,13,4,0,2
14,2013,22,392,106,12,3,0,2
14,2013,23,596,106,10,3,0,3
14,2013,24,261,91,11,3,0,1
14,2013,25,285,138,15,2,0,6
14,2013,26,319,165,13,4,0,2
14,2013,27,214,81,11,3,0,2
14,2013,28,215,100,16,2,0,6
14,2013,29,198,61,7,0,0,0
14,2013,30,171,37,13,0,0,4
14,2013,31,237,116,14,2,0,0
14,2013,32,191,46,12,1,0,0
14,2013,33,210,58,9,0,1,1
14,2013,34,171,58,8,0,0,2
14,2013,35,229,106,7,0,0,0
14,2013,36,182,72,13,0,0,2
14,2013,37,228,126,10,0,0,0
14,2013,38,184,37,9,0,1,0
14,2013,39,199,59,11,0,0,0
14,2013,40,423,280,13,0,3,0
14,2013,41,233,109,9,0,2,2
14,2013,42,440,311,9,0,1,0
14,2013,43,325,156,11,0,2,0
14,2013,44,316,149,8,0,0,1
14,2013,45,303,129,11,1,0,2
14,2013,46,399,196,12,0,2,0
14,2013,47,452,259,8,0,0,4
14,2013,48,298,119,10,0,1,0
14,2013,49,515,312,12,0,0,1
14,2013,50,281,102,8,0,2,1
14,2013,51,515,313,12,0,1,0
14,2013,52,418,232,7,0,0,2
14,2014,1,628,431,10,0,1,0
14,2014,2,386,157,10,0,0,0
14,2014,3,503,262,11,0,1,1
14,2014,4,586,295,0,0,0,0
14,2014,5,227,108,0,0,0,0
14,2014,6,349,168,6,0,0,0
14,2014,7,416,230,7,0,0,0
14,2014,8,492,311,11,0,0,0
14,2014,9,437,213,12,0,0,0
14,2014,10,529,308,12,0,0,1
14,2014,11,462,180,9,0,2,0
14,2014,12,448,236,6,0,0,0
14,2014,13,423,210,13,1,4,1
14,2014,14,344,144,14,0,4,2
14,2014,15,432,191,17,0,1,2
14,2014,16,489,219,11,1,0,6
14,2014,17,591,341,21,1,5,7
14,2014,18,358,127,6,0,0,5
14,2014,19,612,359,13,1,0,9
14,2014,20,425,135,15,0,2,7
14,2014,21,438,234,15,0,2,4
14,2014,22,416,228,10,0,0,6
14,2014,23,332,154,14,0,0,4
14,2014,24,337,165,12,0,0,4
14,2014,25,262,132,14,0,4,1
14,2014,26,424,206,12,0,0,2
14,2014,27,273,88,7,0,1,1
14,2014,28,332,133,11,0,0,0
14,2014,29,287,62,11,0,0,0
14,2014,30,426,214,13,0,1,0
14,2014,31,382,146,18,0,3,0
14,2014,32,321,69,12,0,3,0
14,2014,33,520,298,11,0,0,0
14,2014,34,443,218,14,0,2,0
14,2014,35,481,267,10,0,1,0
14,2014,36,345,130,14,0,4,0
14,2014,37,380,141,12,0,2,1
14,2014,38,299,120,12,0,7,0
14,2014,39,496,275,12,0,1,0
14,2014,40,398,176,12,0,1,0
14,2014,41,424,180,14,0,4,0
14,2014,42,529,291,12,0,3,0
14,2014,43,409,138,16,0,5,0
14,2014,44,438,182,10,0,3,0
14,2014,45,383,175,15,0,0,0
14,2014,46,419,193,11,0,0,0
14,2014,47,499,236,13,0,1,0
14,2014,48,420,180,13,0,3,0
14,2014,49,402,162,13,0,0,0
14,2014,50,405,144,14,0,4,0
14,2014,51,379,177,13,0,2,0
14,2014,52,328,63,17,0,0,0
14,2015,1,343,67,3,0,0,0
14,2015,2,329,120,8,0,0,0
14,2015,3,440,186,11,0,0,0
14,2015,4,353,105,11,1,0,0
14,2015,5,426,158,11,0,0,0
14,2015,6,463,217,11,0,0,2
14,2015,7,342,78,0,0,0,0
14,2015,8,311,122,0,0,0,0
14,2015,9,368,158,12,1,0,1
14,2015,10,276,72,10,1,0,2
14,2015,11,396,153,12,5,0,1
14,2015,12,395,169,12,4,0,5
14,2015,13,504,246,10,6,0,2
14,2015,14,537,182,10,2,0,3
14,2015,15,665,303,11,3,0,5
14,2015,16,584,259,10,2,0,4
14,2015,17,NA,NA,NA,NA,NA,NA
14,2015,18,464,211,2,0,0,0
14,2015,19,453,196,8,2,0,2
14,2015,20,375,102,14,4,0,2
14,2015,21,451,207,8,1,0,1
14,2015,22,523,250,11,3,0,3
14,2015,23,459,196,1,0,0,0
14,2015,24,474,239,11,0,0,4
14,2015,25,457,241,10,0,0,4
14,2015,26,448,193,11,0,0,3
14,2015,27,496,220,12,0,0,5
14,2015,28,538,285,13,1,1,5
14,2015,29,462,264,9,0,0,3
14,2015,30,593,344,11,0,0,4
14,2015,31,592,346,8,0,0,0
14,2015,32,652,376,13,1,0,5
14,2015,33,537,331,9,0,0,4
14,2015,34,470,234,14,0,0,5
14,2015,35,423,208,8,0,0,1
14,2015,36,510,229,8,0,0,2
14,2015,37,430,228,10,0,0,3
14,2015,38,590,302,8,0,0,0
14,2015,39,566,326,6,0,0,1
14,2015,40,649,363,7,0,0,0
14,2015,41,566,359,10,0,0,4
14,2015,42,534,282,2,0,0,1
14,2015,43,632,343,0,0,0,0
14,2015,44,569,311,0,0,0,0
14,2015,45,NA,NA,NA,NA,NA,NA
14,2015,46,NA,NA,NA,NA,NA,NA
14,2015,47,NA,NA,NA,NA,NA,NA
14,2015,48,NA,NA,NA,NA,NA,NA
14,2015,49,NA,NA,NA,NA,NA,NA
14,2015,50,NA,NA,NA,NA,NA,NA
14,2015,51,NA,NA,NA,NA,NA,NA
14,2015,52,NA,NA,NA,NA,NA,NA
15,2006,1,0,0,0,0,0,0
15,2006,2,3775,57,9,0,3,0
15,2006,3,3477,99,6,0,0,0
15,2006,4,2158,57,8,0,1,0
15,2006,5,NA,NA,NA,NA,NA,NA
15,2006,6,NA,NA,NA,NA,NA,NA
15,2006,7,3006,50,6,0,1,0
15,2006,8,3308,62,12,0,0,0
15,2006,9,3018,46,9,0,1,0
15,2006,10,2852,100,9,0,1,0
15,2006,11,2400,109,14,0,0,0
15,2006,12,2400,157,10,0,0,0
15,2006,13,2538,141,8,0,2,0
15,2006,14,2352,108,13,0,1,0
15,2006,15,2433,136,12,0,2,0
15,2006,16,2352,73,9,0,2,0
15,2006,17,2427,121,9,1,0,0
15,2006,18,1991,58,9,0,0,0
15,2006,19,2336,113,10,2,3,0
15,2006,20,2155,85,12,5,2,0
15,2006,21,2409,137,12,6,0,0
15,2006,22,2589,172,10,5,0,0
15,2006,23,2938,237,12,9,0,0
15,2006,24,2487,195,10,7,0,1
15,2006,25,2548,263,11,5,1,0
15,2006,26,2536,170,8,7,0,0
15,2006,27,2515,104,12,5,1,0
15,2006,28,2339,140,10,3,1,0
15,2006,29,2119,100,11,5,1,0
15,2006,30,2148,79,7,1,0,1
15,2006,31,2201,111,12,2,2,0
15,2006,32,2251,110,11,1,1,1
15,2006,33,2526,127,13,0,1,0
15,2006,34,2422,114,12,2,0,0
15,2006,35,2076,120,10,0,0,0
15,2006,36,2134,107,10,0,0,0
15,2006,37,2178,145,9,0,1,0
15,2006,38,2474,170,11,0,0,0
15,2006,39,2811,205,10,0,1,0
15,2006,40,2530,135,11,0,1,2
15,2006,41,2495,126,12,0,3,0
15,2006,42,2745,168,10,0,1,1
15,2006,43,2584,92,10,0,1,0
15,2006,44,2686,219,12,0,4,1
15,2006,45,2631,196,11,0,0,4
15,2006,46,2694,158,14,0,2,4
15,2006,47,2579,157,9,2,1,3
15,2006,48,2567,154,8,1,1,0
15,2006,49,2630,239,8,0,2,2
15,2006,50,2565,161,10,0,1,0
15,2006,51,2970,280,5,0,1,1
15,2006,52,2457,157,7,0,0,2
15,2007,1,618,62,9,0,0,0
15,2007,2,690,98,13,0,0,1
15,2007,3,661,147,10,0,0,0
15,2007,4,686,154,9,0,0,2
15,2007,5,619,140,7,0,0,0
15,2007,6,606,126,12,0,0,0
15,2007,7,0,0,0,0,0,0
15,2007,8,0,0,0,0,0,0
15,2007,9,464,130,8,0,0,1
15,2007,10,552,179,13,0,1,1
15,2007,11,630,121,8,0,0,3
15,2007,12,613,162,13,0,1,0
15,2007,13,409,92,9,0,0,1
15,2007,14,561,137,11,0,0,0
15,2007,15,684,120,11,0,0,2
15,2007,16,652,122,9,0,0,3
15,2007,17,585,149,10,0,0,2
15,2007,18,297,61,9,0,0,0
15,2007,19,521,103,9,0,0,2
15,2007,20,540,78,14,0,1,2
15,2007,21,569,128,10,0,0,6
15,2007,22,731,130,8,0,0,2
15,2007,23,716,150,9,0,0,5
15,2007,24,812,131,11,0,0,6
15,2007,25,612,148,9,0,0,7
15,2007,26,667,189,10,0,0,7
15,2007,27,735,162,11,0,0,5
15,2007,28,662,156,10,0,0,3
15,2007,29,719,146,11,0,0,1
15,2007,30,713,181,7,0,0,1
15,2007,31,634,154,12,0,0,2
15,2007,32,622,163,8,0,0,1
15,2007,33,634,119,11,0,0,0
15,2007,34,569,106,11,0,0,0
15,2007,35,483,112,9,0,0,0
15,2007,36,321,80,9,0,0,0
15,2007,37,482,104,9,0,1,0
15,2007,38,662,133,11,0,0,0
15,2007,39,514,123,11,0,0,1
15,2007,40,594,134,10,0,1,0
15,2007,41,510,117,9,0,1,0
15,2007,42,619,149,11,0,1,0
15,2007,43,510,138,8,0,1,0
15,2007,44,633,162,11,0,3,0
15,2007,45,554,150,10,0,4,0
15,2007,46,636,151,9,0,0,0
15,2007,47,526,129,11,0,3,0
15,2007,48,438,109,15,0,5,0
15,2007,49,547,139,6,0,0,0
15,2007,50,578,124,10,0,2,0
15,2007,51,435,124,8,0,1,0
15,2007,52,405,89,11,0,3,0
15,2008,1,NA,NA,NA,NA,NA,NA
15,2008,2,620,122,9,0,2,0
15,2008,3,974,199,6,0,3,0
15,2008,4,851,234,8,0,1,0
15,2008,5,797,187,14,0,1,0
15,2008,6,842,239,0,0,0,0
15,2008,7,NA,NA,NA,NA,NA,NA
15,2008,8,NA,NA,NA,NA,NA,NA
15,2008,9,773,173,11,0,1,0
15,2008,10,790,188,9,0,1,0
15,2008,11,846,255,13,0,0,0
15,2008,12,921,248,11,0,1,0
15,2008,13,868,207,9,0,0,0
15,2008,14,762,176,11,0,1,0
15,2008,15,909,211,10,0,0,1
15,2008,16,-99,192,8,0,1,0
15,2008,17,709,158,10,0,2,0
15,2008,18,907,214,8,0,0,0
15,2008,19,851,209,11,0,0,0
15,2008,20,766,179,10,0,2,0
15,2008,21,1042,331,10,0,0,0
15,2008,22,1070,241,13,6,3,0
15,2008,23,1169,251,11,5,4,0
15,2008,24,1151,243,10,3,1,0
15,2008,25,1023,237,13,3,1,2
15,2008,26,947,210,10,6,0,0
15,2008,27,931,183,13,6,0,1
15,2008,28,1191,242,10,3,1,1
15,2008,29,1200,265,8,3,0,0
15,2008,30,1289,236,10,4,1,0
15,2008,31,961,216,10,2,0,0
15,2008,32,957,284,10,0,1,0
15,2008,33,1132,209,11,1,1,0
15,2008,34,953,214,12,1,3,0
15,2008,35,965,194,9,2,0,1
15,2008,36,933,242,8,0,3,1
15,2008,37,1031,208,15,4,1,0
15,2008,38,1190,271,8,1,0,1
15,2008,39,1341,398,5,0,0,0
15,2008,40,1361,387,14,1,2,0
15,2008,41,1371,369,11,0,1,0
15,2008,42,1346,343,7,0,0,1
15,2008,43,983,278,12,0,3,1
15,2008,44,1147,294,10,1,0,2
15,2008,45,1123,297,9,0,0,1
15,2008,46,1198,298,10,0,2,1
15,2008,47,1110,352,7,0,2,0
15,2008,48,1077,305,14,1,0,5
15,2008,49,959,263,9,1,1,1
15,2008,50,931,199,9,1,0,1
15,2008,51,1031,269,12,0,0,1
15,2008,52,1950,508,11,0,0,0
15,2009,1,905,219,12,0,0,1
15,2009,2,840,184,12,0,0,0
15,2009,3,-99,220,0,0,0,0
15,2009,4,476,139,0,0,0,0
15,2009,5,NA,NA,NA,NA,NA,NA
15,2009,6,1021,264,11,0,0,0
15,2009,7,908,232,11,0,0,1
15,2009,8,1002,317,9,0,0,0
15,2009,9,1002,289,10,0,0,0
15,2009,10,939,266,11,0,2,0
15,2009,11,1055,346,10,0,0,0
15,2009,12,1072,338,9,0,0,0
15,2009,13,936,258,11,0,0,1
15,2009,14,1020,278,9,0,1,2
15,2009,15,830,224,13,0,0,3
15,2009,16,1041,315,9,0,1,2
15,2009,17,986,371,8,0,0,5
15,2009,18,986,371,27,0,0,11
15,2009,19,1010,345,24,1,0,14
15,2009,20,1165,356,24,0,0,10
15,2009,21,1250,405,24,2,0,12
15,2009,22,998,351,27,3,0,7
15,2009,23,1275,396,24,0,1,9
15,2009,24,1174,385,22,0,2,4
15,2009,25,1111,358,23,0,1,5
15,2009,26,987,300,26,0,0,5
15,2009,27,947,277,28,0,6,1
15,2009,28,881,311,24,0,0,2
15,2009,29,959,289,23,0,2,1
15,2009,30,923,271,18,1,2,1
15,2009,31,1075,313,24,0,1,1
15,2009,32,1075,313,19,6,1,0
15,2009,33,1202,374,27,6,0,0
15,2009,34,1077,351,19,5,0,0
15,2009,35,978,308,10,3,0,0
15,2009,36,989,303,12,9,0,0
15,2009,37,1126,335,9,7,0,0
15,2009,38,1497,453,9,3,0,0
15,2009,39,1365,485,7,3,0,0
15,2009,40,1430,397,9,3,0,0
15,2009,41,1218,273,8,5,0,0
15,2009,42,1088,263,9,1,0,0
15,2009,43,417,248,10,1,0,0
15,2009,44,963,304,7,0,1,0
15,2009,45,879,308,8,1,0,0
15,2009,46,722,215,2,0,0,0
15,2009,47,808,199,12,1,0,0
15,2009,48,704,236,8,0,0,0
15,2009,49,800,250,7,0,0,0
15,2009,50,908,311,6,0,0,0
15,2009,51,896,300,5,0,0,0
15,2009,52,865,280,8,0,0,0
15,2010,1,857,335,4,0,0,0
15,2010,2,857,298,3,0,0,0
15,2010,3,625,201,4,0,0,0
15,2010,4,674,255,7,0,0,0
15,2010,5,680,255,3,0,0,0
15,2010,6,NA,NA,NA,NA,NA,NA
15,2010,7,NA,NA,NA,NA,NA,NA
15,2010,8,530,187,3,0,0,0
15,2010,9,612,263,3,0,0,0
15,2010,10,781,241,4,0,0,0
15,2010,11,896,319,1,0,0,0
15,2010,12,793,266,9,0,1,0
15,2010,13,423,94,0,0,0,0
15,2010,14,NA,NA,NA,NA,NA,NA
15,2010,15,NA,NA,NA,NA,NA,NA
15,2010,16,NA,NA,NA,NA,NA,NA
15,2010,17,NA,NA,NA,NA,NA,NA
15,2010,18,NA,NA,NA,NA,NA,NA
15,2010,19,NA,NA,NA,NA,NA,NA
15,2010,20,NA,NA,NA,NA,NA,NA
15,2010,21,NA,NA,NA,NA,NA,NA
15,2010,22,NA,NA,NA,NA,NA,NA
15,2010,23,NA,NA,NA,NA,NA,NA
15,2010,24,NA,NA,NA,NA,NA,NA
15,2010,25,NA,NA,NA,NA,NA,NA
15,2010,26,NA,NA,NA,NA,NA,NA
15,2010,27,NA,NA,NA,NA,NA,NA
15,2010,28,NA,NA,NA,NA,NA,NA
15,2010,29,NA,NA,NA,NA,NA,NA
15,2010,30,NA,NA,NA,NA,NA,NA
15,2010,31,NA,NA,NA,NA,NA,NA
15,2010,32,NA,NA,NA,NA,NA,NA
15,2010,33,NA,NA,NA,NA,NA,NA
15,2010,34,NA,NA,NA,NA,NA,NA
15,2010,35,NA,NA,NA,NA,NA,NA
15,2010,36,NA,NA,NA,NA,NA,NA
15,2010,37,NA,NA,NA,NA,NA,NA
15,2010,38,NA,NA,NA,NA,NA,NA
15,2010,39,NA,NA,NA,NA,NA,NA
15,2010,40,NA,NA,NA,NA,NA,NA
15,2010,41,NA,NA,NA,NA,NA,NA
15,2010,42,NA,NA,NA,NA,NA,NA
15,2010,43,NA,NA,NA,NA,NA,NA
15,2010,44,NA,NA,NA,NA,NA,NA
15,2010,45,NA,NA,NA,NA,NA,NA
15,2010,46,NA,NA,NA,NA,NA,NA
15,2010,47,NA,NA,NA,NA,NA,NA
15,2010,48,NA,NA,NA,NA,NA,NA
15,2010,49,NA,NA,NA,NA,NA,NA
15,2010,50,NA,NA,NA,NA,NA,NA
15,2010,51,NA,NA,NA,NA,NA,NA
15,2010,52,NA,NA,NA,NA,NA,NA
15,2011,1,729,285,5,0,0,0
15,2011,2,1014,392,15,6,1,0
15,2011,3,796,455,10,2,1,0
15,2011,4,694,355,10,3,0,0
15,2011,5,NA,NA,NA,NA,NA,NA
15,2011,6,NA,NA,NA,NA,NA,NA
15,2011,7,807,373,6,1,0,0
15,2011,8,992,494,10,1,0,0
15,2011,9,1101,546,9,2,0,0
15,2011,10,1062,461,13,1,0,0
15,2011,11,1180,632,9,3,0,0
15,2011,12,1082,508,9,1,0,0
15,2011,13,932,487,11,1,0,0
15,2011,14,950,459,11,0,0,0
15,2011,15,905,306,8,0,0,1
15,2011,16,914,341,8,0,0,0
15,2011,17,847,254,14,2,0,0
15,2011,18,566,158,10,0,0,0
15,2011,19,759,245,7,0,0,0
15,2011,20,859,256,11,4,0,0
15,2011,21,934,275,8,1,0,0
15,2011,22,1027,390,8,0,0,0
15,2011,23,1003,344,13,1,0,0
15,2011,24,1112,378,11,2,0,0
15,2011,25,1068,350,14,2,0,0
15,2011,26,1281,438,7,1,0,0
15,2011,27,1094,377,8,1,0,0
15,2011,28,1082,321,12,2,0,0
15,2011,29,1141,365,10,3,0,0
15,2011,30,1204,393,9,2,0,0
15,2011,31,1286,441,6,0,0,0
15,2011,32,1070,331,12,1,0,0
15,2011,33,1049,332,9,0,0,0
15,2011,34,891,286,12,1,0,0
15,2011,35,1024,269,6,0,0,0
15,2011,36,1024,330,9,3,0,0
15,2011,37,854,269,10,2,0,0
15,2011,38,1076,340,5,0,0,0
15,2011,39,916,304,10,1,0,0
15,2011,40,958,297,7,1,0,0
15,2011,41,802,257,12,2,0,0
15,2011,42,733,243,9,2,0,0
15,2011,43,NA,NA,NA,NA,NA,NA
15,2011,44,NA,NA,NA,NA,NA,NA
15,2011,45,NA,NA,NA,NA,NA,NA
15,2011,46,NA,NA,NA,NA,NA,NA
15,2011,47,NA,NA,NA,NA,NA,NA
15,2011,48,NA,NA,NA,NA,NA,NA
15,2011,49,NA,NA,NA,NA,NA,NA
15,2011,50,NA,NA,NA,NA,NA,NA
15,2011,51,NA,NA,NA,NA,NA,NA
15,2011,52,NA,NA,NA,NA,NA,NA
15,2012,1,NA,NA,NA,NA,NA,NA
15,2012,2,NA,NA,NA,NA,NA,NA
15,2012,3,NA,NA,NA,NA,NA,NA
15,2012,4,NA,NA,NA,NA,NA,NA
15,2012,5,NA,NA,NA,NA,NA,NA
15,2012,6,NA,NA,NA,NA,NA,NA
15,2012,7,NA,NA,NA,NA,NA,NA
15,2012,8,NA,NA,NA,NA,NA,NA
15,2012,9,NA,NA,NA,NA,NA,NA
15,2012,10,NA,NA,NA,NA,NA,NA
15,2012,11,NA,NA,NA,NA,NA,NA
15,2012,12,NA,NA,NA,NA,NA,NA
15,2012,13,NA,NA,NA,NA,NA,NA
15,2012,14,NA,NA,NA,NA,NA,NA
15,2012,15,NA,NA,NA,NA,NA,NA
15,2012,16,NA,NA,NA,NA,NA,NA
15,2012,17,NA,NA,NA,NA,NA,NA
15,2012,18,NA,NA,NA,NA,NA,NA
15,2012,19,NA,NA,NA,NA,NA,NA
15,2012,20,NA,NA,NA,NA,NA,NA
15,2012,21,NA,NA,NA,NA,NA,NA
15,2012,22,NA,NA,NA,NA,NA,NA
15,2012,23,NA,NA,NA,NA,NA,NA
15,2012,24,NA,NA,NA,NA,NA,NA
15,2012,25,NA,NA,NA,NA,NA,NA
15,2012,26,NA,NA,NA,NA,NA,NA
15,2012,27,NA,NA,NA,NA,NA,NA
15,2012,28,NA,NA,NA,NA,NA,NA
15,2012,29,NA,NA,NA,NA,NA,NA
15,2012,30,NA,NA,NA,NA,NA,NA
15,2012,31,NA,NA,NA,NA,NA,NA
15,2012,32,NA,NA,NA,NA,NA,NA
15,2012,33,NA,NA,NA,NA,NA,NA
15,2012,34,NA,NA,NA,NA,NA,NA
15,2012,35,NA,NA,NA,NA,NA,NA
15,2012,36,NA,NA,NA,NA,NA,NA
15,2012,37,NA,NA,NA,NA,NA,NA
15,2012,38,NA,NA,NA,NA,NA,NA
15,2012,39,NA,NA,NA,NA,NA,NA
15,2012,40,NA,NA,NA,NA,NA,NA
15,2012,41,NA,NA,NA,NA,NA,NA
15,2012,42,NA,NA,NA,NA,NA,NA
15,2012,43,NA,NA,NA,NA,NA,NA
15,2012,44,NA,NA,NA,NA,NA,NA
15,2012,45,NA,NA,NA,NA,NA,NA
15,2012,46,NA,NA,NA,NA,NA,NA
15,2012,47,NA,NA,NA,NA,NA,NA
15,2012,48,NA,NA,NA,NA,NA,NA
15,2012,49,NA,NA,NA,NA,NA,NA
15,2012,50,NA,NA,NA,NA,NA,NA
15,2012,51,NA,NA,NA,NA,NA,NA
15,2012,52,NA,NA,NA,NA,NA,NA
15,2013,1,NA,NA,NA,NA,NA,NA
15,2013,2,NA,NA,NA,NA,NA,NA
15,2013,3,NA,NA,NA,NA,NA,NA
15,2013,4,NA,NA,NA,NA,NA,NA
15,2013,5,NA,NA,NA,NA,NA,NA
15,2013,6,NA,NA,NA,NA,NA,NA
15,2013,7,NA,NA,NA,NA,NA,NA
15,2013,8,NA,NA,NA,NA,NA,NA
15,2013,9,NA,NA,NA,NA,NA,NA
15,2013,10,NA,NA,NA,NA,NA,NA
15,2013,11,NA,NA,NA,NA,NA,NA
15,2013,12,NA,NA,NA,NA,NA,NA
15,2013,13,NA,NA,NA,NA,NA,NA
15,2013,14,NA,NA,NA,NA,NA,NA
15,2013,15,NA,NA,NA,NA,NA,NA
15,2013,16,NA,NA,NA,NA,NA,NA
15,2013,17,NA,NA,NA,NA,NA,NA
15,2013,18,NA,NA,NA,NA,NA,NA
15,2013,19,NA,NA,NA,NA,NA,NA
15,2013,20,NA,NA,NA,NA,NA,NA
15,2013,21,NA,NA,NA,NA,NA,NA
15,2013,22,NA,NA,NA,NA,NA,NA
15,2013,23,NA,NA,NA,NA,NA,NA
15,2013,24,NA,NA,NA,NA,NA,NA
15,2013,25,NA,NA,NA,NA,NA,NA
15,2013,26,NA,NA,NA,NA,NA,NA
15,2013,27,NA,NA,NA,NA,NA,NA
15,2013,28,NA,NA,NA,NA,NA,NA
15,2013,29,NA,NA,NA,NA,NA,NA
15,2013,30,NA,NA,NA,NA,NA,NA
15,2013,31,NA,NA,NA,NA,NA,NA
15,2013,32,NA,NA,NA,NA,NA,NA
15,2013,33,NA,NA,NA,NA,NA,NA
15,2013,34,NA,NA,NA,NA,NA,NA
15,2013,35,NA,NA,NA,NA,NA,NA
15,2013,36,NA,NA,NA,NA,NA,NA
15,2013,37,NA,NA,NA,NA,NA,NA
15,2013,38,NA,NA,NA,NA,NA,NA
15,2013,39,NA,NA,NA,NA,NA,NA
15,2013,40,NA,NA,NA,NA,NA,NA
15,2013,41,NA,NA,NA,NA,NA,NA
15,2013,42,NA,NA,NA,NA,NA,NA
15,2013,43,NA,NA,NA,NA,NA,NA
15,2013,44,NA,NA,NA,NA,NA,NA
15,2013,45,NA,NA,NA,NA,NA,NA
15,2013,46,NA,NA,NA,NA,NA,NA
15,2013,47,NA,NA,NA,NA,NA,NA
15,2013,48,NA,NA,NA,NA,NA,NA
15,2013,49,NA,NA,NA,NA,NA,NA
15,2013,50,NA,NA,NA,NA,NA,NA
15,2013,51,NA,NA,NA,NA,NA,NA
15,2013,52,NA,NA,NA,NA,NA,NA
15,2014,1,NA,NA,NA,NA,NA,NA
15,2014,2,NA,NA,NA,NA,NA,NA
15,2014,3,NA,NA,NA,NA,NA,NA
15,2014,4,NA,NA,NA,NA,NA,NA
15,2014,5,NA,NA,NA,NA,NA,NA
15,2014,6,NA,NA,NA,NA,NA,NA
15,2014,7,NA,NA,NA,NA,NA,NA
15,2014,8,NA,NA,NA,NA,NA,NA
15,2014,9,NA,NA,NA,NA,NA,NA
15,2014,10,NA,NA,NA,NA,NA,NA
15,2014,11,NA,NA,NA,NA,NA,NA
15,2014,12,NA,NA,NA,NA,NA,NA
15,2014,13,NA,NA,NA,NA,NA,NA
15,2014,14,NA,NA,NA,NA,NA,NA
15,2014,15,NA,NA,NA,NA,NA,NA
15,2014,16,NA,NA,NA,NA,NA,NA
15,2014,17,NA,NA,NA,NA,NA,NA
15,2014,18,NA,NA,NA,NA,NA,NA
15,2014,19,NA,NA,NA,NA,NA,NA
15,2014,20,NA,NA,NA,NA,NA,NA
15,2014,21,NA,NA,NA,NA,NA,NA
15,2014,22,NA,NA,NA,NA,NA,NA
15,2014,23,NA,NA,NA,NA,NA,NA
15,2014,24,NA,NA,NA,NA,NA,NA
15,2014,25,NA,NA,NA,NA,NA,NA
15,2014,26,NA,NA,NA,NA,NA,NA
15,2014,27,NA,NA,NA,NA,NA,NA
15,2014,28,NA,NA,NA,NA,NA,NA
15,2014,29,NA,NA,NA,NA,NA,NA
15,2014,30,NA,NA,NA,NA,NA,NA
15,2014,31,NA,NA,NA,NA,NA,NA
15,2014,32,NA,NA,NA,NA,NA,NA
15,2014,33,NA,NA,NA,NA,NA,NA
15,2014,34,NA,NA,NA,NA,NA,NA
15,2014,35,NA,NA,NA,NA,NA,NA
15,2014,36,NA,NA,NA,NA,NA,NA
15,2014,37,NA,NA,NA,NA,NA,NA
15,2014,38,NA,NA,NA,NA,NA,NA
15,2014,39,NA,NA,NA,NA,NA,NA
15,2014,40,NA,NA,NA,NA,NA,NA
15,2014,41,NA,NA,NA,NA,NA,NA
15,2014,42,NA,NA,NA,NA,NA,NA
15,2014,43,NA,NA,NA,NA,NA,NA
15,2014,44,NA,NA,NA,NA,NA,NA
15,2014,45,NA,NA,NA,NA,NA,NA
15,2014,46,NA,NA,NA,NA,NA,NA
15,2014,47,NA,NA,NA,NA,NA,NA
15,2014,48,NA,NA,NA,NA,NA,NA
15,2014,49,NA,NA,NA,NA,NA,NA
15,2014,50,NA,NA,NA,NA,NA,NA
15,2014,51,NA,NA,NA,NA,NA,NA
15,2014,52,NA,NA,NA,NA,NA,NA
15,2015,1,NA,NA,NA,NA,NA,NA
15,2015,2,NA,NA,NA,NA,NA,NA
15,2015,3,NA,NA,NA,NA,NA,NA
15,2015,4,NA,NA,NA,NA,NA,NA
15,2015,5,NA,NA,NA,NA,NA,NA
15,2015,6,NA,NA,NA,NA,NA,NA
15,2015,7,NA,NA,NA,NA,NA,NA
15,2015,8,NA,NA,NA,NA,NA,NA
15,2015,9,NA,NA,NA,NA,NA,NA
15,2015,10,NA,NA,NA,NA,NA,NA
15,2015,11,NA,NA,NA,NA,NA,NA
15,2015,12,NA,NA,NA,NA,NA,NA
15,2015,13,NA,NA,NA,NA,NA,NA
15,2015,14,NA,NA,NA,NA,NA,NA
15,2015,15,NA,NA,NA,NA,NA,NA
15,2015,16,NA,NA,NA,NA,NA,NA
15,2015,17,NA,NA,NA,NA,NA,NA
15,2015,18,NA,NA,NA,NA,NA,NA
15,2015,19,NA,NA,NA,NA,NA,NA
15,2015,20,NA,NA,NA,NA,NA,NA
15,2015,21,NA,NA,NA,NA,NA,NA
15,2015,22,NA,NA,NA,NA,NA,NA
15,2015,23,NA,NA,NA,NA,NA,NA
15,2015,24,NA,NA,NA,NA,NA,NA
15,2015,25,NA,NA,NA,NA,NA,NA
15,2015,26,NA,NA,NA,NA,NA,NA
15,2015,27,NA,NA,NA,NA,NA,NA
15,2015,28,NA,NA,NA,NA,NA,NA
15,2015,29,NA,NA,NA,NA,NA,NA
15,2015,30,NA,NA,NA,NA,NA,NA
15,2015,31,NA,NA,NA,NA,NA,NA
15,2015,32,NA,NA,NA,NA,NA,NA
15,2015,33,NA,NA,NA,NA,NA,NA
15,2015,34,NA,NA,NA,NA,NA,NA
15,2015,35,NA,NA,NA,NA,NA,NA
15,2015,36,NA,NA,NA,NA,NA,NA
15,2015,37,NA,NA,NA,NA,NA,NA
15,2015,38,NA,NA,NA,NA,NA,NA
15,2015,39,NA,NA,NA,NA,NA,NA
15,2015,40,NA,NA,NA,NA,NA,NA
15,2015,41,NA,NA,NA,NA,NA,NA
15,2015,42,NA,NA,NA,NA,NA,NA
15,2015,43,NA,NA,NA,NA,NA,NA
15,2015,44,NA,NA,NA,NA,NA,NA
15,2015,45,NA,NA,NA,NA,NA,NA
15,2015,46,NA,NA,NA,NA,NA,NA
15,2015,47,NA,NA,NA,NA,NA,NA
15,2015,48,NA,NA,NA,NA,NA,NA
15,2015,49,NA,NA,NA,NA,NA,NA
15,2015,50,NA,NA,NA,NA,NA,NA
15,2015,51,NA,NA,NA,NA,NA,NA
15,2015,52,NA,NA,NA,NA,NA,NA
16,2006,1,NA,NA,NA,NA,NA,NA
16,2006,2,NA,NA,NA,NA,NA,NA
16,2006,3,NA,NA,NA,NA,NA,NA
16,2006,4,NA,NA,NA,NA,NA,NA
16,2006,5,NA,NA,NA,NA,NA,NA
16,2006,6,NA,NA,NA,NA,NA,NA
16,2006,7,NA,NA,NA,NA,NA,NA
16,2006,8,NA,NA,NA,NA,NA,NA
16,2006,9,NA,NA,NA,NA,NA,NA
16,2006,10,NA,NA,NA,NA,NA,NA
16,2006,11,NA,NA,NA,NA,NA,NA
16,2006,12,NA,NA,NA,NA,NA,NA
16,2006,13,NA,NA,NA,NA,NA,NA
16,2006,14,NA,NA,NA,NA,NA,NA
16,2006,15,NA,NA,NA,NA,NA,NA
16,2006,16,NA,NA,NA,NA,NA,NA
16,2006,17,NA,NA,NA,NA,NA,NA
16,2006,18,NA,NA,NA,NA,NA,NA
16,2006,19,NA,NA,NA,NA,NA,NA
16,2006,20,NA,NA,NA,NA,NA,NA
16,2006,21,NA,NA,NA,NA,NA,NA
16,2006,22,NA,NA,NA,NA,NA,NA
16,2006,23,NA,NA,NA,NA,NA,NA
16,2006,24,NA,NA,NA,NA,NA,NA
16,2006,25,NA,NA,NA,NA,NA,NA
16,2006,26,NA,NA,NA,NA,NA,NA
16,2006,27,NA,NA,NA,NA,NA,NA
16,2006,28,NA,NA,NA,NA,NA,NA
16,2006,29,NA,NA,NA,NA,NA,NA
16,2006,30,NA,NA,NA,NA,NA,NA
16,2006,31,NA,NA,NA,NA,NA,NA
16,2006,32,NA,NA,NA,NA,NA,NA
16,2006,33,NA,NA,NA,NA,NA,NA
16,2006,34,NA,NA,NA,NA,NA,NA
16,2006,35,NA,NA,NA,NA,NA,NA
16,2006,36,NA,NA,NA,NA,NA,NA
16,2006,37,NA,NA,NA,NA,NA,NA
16,2006,38,NA,NA,NA,NA,NA,NA
16,2006,39,NA,NA,NA,NA,NA,NA
16,2006,40,NA,NA,NA,NA,NA,NA
16,2006,41,NA,NA,NA,NA,NA,NA
16,2006,42,NA,NA,NA,NA,NA,NA
16,2006,43,NA,NA,NA,NA,NA,NA
16,2006,44,NA,NA,NA,NA,NA,NA
16,2006,45,NA,NA,NA,NA,NA,NA
16,2006,46,NA,NA,NA,NA,NA,NA
16,2006,47,NA,NA,NA,NA,NA,NA
16,2006,48,NA,NA,NA,NA,NA,NA
16,2006,49,NA,NA,NA,NA,NA,NA
16,2006,50,NA,NA,NA,NA,NA,NA
16,2006,51,NA,NA,NA,NA,NA,NA
16,2006,52,NA,NA,NA,NA,NA,NA
16,2007,1,NA,NA,NA,NA,NA,NA
16,2007,2,NA,NA,NA,NA,NA,NA
16,2007,3,NA,NA,NA,NA,NA,NA
16,2007,4,NA,NA,NA,NA,NA,NA
16,2007,5,NA,NA,NA,NA,NA,NA
16,2007,6,NA,NA,NA,NA,NA,NA
16,2007,7,NA,NA,NA,NA,NA,NA
16,2007,8,NA,NA,NA,NA,NA,NA
16,2007,9,NA,NA,NA,NA,NA,NA
16,2007,10,NA,NA,NA,NA,NA,NA
16,2007,11,NA,NA,NA,NA,NA,NA
16,2007,12,NA,NA,NA,NA,NA,NA
16,2007,13,NA,NA,NA,NA,NA,NA
16,2007,14,NA,NA,NA,NA,NA,NA
16,2007,15,NA,NA,NA,NA,NA,NA
16,2007,16,NA,NA,NA,NA,NA,NA
16,2007,17,NA,NA,NA,NA,NA,NA
16,2007,18,NA,NA,NA,NA,NA,NA
16,2007,19,NA,NA,NA,NA,NA,NA
16,2007,20,NA,NA,NA,NA,NA,NA
16,2007,21,NA,NA,NA,NA,NA,NA
16,2007,22,NA,NA,NA,NA,NA,NA
16,2007,23,NA,NA,NA,NA,NA,NA
16,2007,24,NA,NA,NA,NA,NA,NA
16,2007,25,NA,NA,NA,NA,NA,NA
16,2007,26,2262,32,12,0,0,7
16,2007,27,2262,49,8,0,0,3
16,2007,28,1993,95,10,0,0,5
16,2007,29,2161,164,11,0,0,0
16,2007,30,2159,218,11,0,0,2
16,2007,31,1818,117,10,0,0,1
16,2007,32,1990,232,8,0,0,0
16,2007,33,2098,246,11,0,0,0
16,2007,34,2037,213,11,0,0,0
16,2007,35,2042,216,11,0,0,0
16,2007,36,1765,198,9,0,0,0
16,2007,37,2135,191,9,0,0,0
16,2007,38,2233,224,10,0,0,0
16,2007,39,2306,171,11,0,0,0
16,2007,40,1987,212,10,0,0,0
16,2007,41,2006,343,8,0,0,0
16,2007,42,1795,382,16,0,0,0
16,2007,43,1907,360,13,0,0,0
16,2007,44,1699,310,14,0,1,1
16,2007,45,1741,360,13,0,4,0
16,2007,46,1760,331,12,0,2,0
16,2007,47,1817,342,8,0,1,0
16,2007,48,1656,285,6,0,1,0
16,2007,49,1488,295,10,0,1,0
16,2007,50,1515,273,11,0,1,0
16,2007,51,1567,274,10,0,3,0
16,2007,52,1436,264,7,0,0,0
16,2008,1,NA,NA,NA,NA,NA,NA
16,2008,2,1436,307,11,0,2,0
16,2008,3,1263,274,7,0,3,0
16,2008,4,1590,162,10,0,2,0
16,2008,5,1176,212,10,0,1,0
16,2008,6,1358,151,0,0,0,0
16,2008,7,1112,83,3,0,2,0
16,2008,8,1436,150,10,0,1,0
16,2008,9,1477,185,6,0,1,0
16,2008,10,1267,141,13,0,0,0
16,2008,11,1629,180,12,0,1,0
16,2008,12,1569,198,7,0,0,0
16,2008,13,1575,122,11,0,0,0
16,2008,14,1493,161,10,0,2,0
16,2008,15,1525,135,10,0,0,0
16,2008,16,1497,163,12,0,3,0
16,2008,17,1566,144,8,0,1,0
16,2008,18,1993,186,11,0,0,0
16,2008,19,1815,183,10,0,0,0
16,2008,20,2047,169,13,0,0,0
16,2008,21,2014,124,6,0,0,0
16,2008,22,2325,135,13,1,1,0
16,2008,23,2291,135,5,2,0,0
16,2008,24,2339,208,16,0,0,0
16,2008,25,2433,214,8,1,0,0
16,2008,26,2666,188,5,2,0,0
16,2008,27,2410,145,18,2,2,2
16,2008,28,2377,205,7,2,1,0
16,2008,29,2471,212,9,3,2,0
16,2008,30,2470,214,9,2,2,0
16,2008,31,2658,235,8,1,1,0
16,2008,32,2434,279,11,0,5,1
16,2008,33,2474,203,13,1,0,0
16,2008,34,2378,224,11,2,1,1
16,2008,35,2351,156,6,0,1,1
16,2008,36,2378,183,12,0,2,1
16,2008,37,2489,231,9,0,0,0
16,2008,38,2339,196,11,0,0,0
16,2008,39,3291,204,9,0,1,0
16,2008,40,2311,187,12,0,1,2
16,2008,41,2412,205,7,0,1,2
16,2008,42,2478,214,12,0,1,2
16,2008,43,2376,167,12,1,4,3
16,2008,44,2230,200,6,0,1,1
16,2008,45,2612,265,12,1,2,1
16,2008,46,2510,197,7,0,0,1
16,2008,47,2618,216,12,0,0,6
16,2008,48,2664,145,9,0,1,1
16,2008,49,2408,188,13,0,0,4
16,2008,50,2566,180,9,0,1,0
16,2008,51,2431,229,9,0,1,1
16,2008,52,4756,368,18,0,0,3
16,2009,1,2216,206,10,0,0,1
16,2009,2,2289,188,12,0,0,0
16,2009,3,2556,164,0,0,0,0
16,2009,4,NA,NA,NA,NA,NA,NA
16,2009,5,NA,NA,NA,NA,NA,NA
16,2009,6,3036,215,12,0,0,0
16,2009,7,2944,143,8,0,0,0
16,2009,8,2738,232,10,0,0,0
16,2009,9,2353,151,13,0,1,0
16,2009,10,2281,130,13,0,0,0
16,2009,11,2399,192,10,0,5,0
16,2009,12,2504,163,10,0,6,0
16,2009,13,NA,NA,NA,NA,NA,NA
16,2009,14,2176,145,9,0,0,0
16,2009,15,2056,129,5,0,0,1
16,2009,16,2224,153,14,0,5,0
16,2009,17,2080,113,12,0,3,4
16,2009,18,1879,121,9,0,1,2
16,2009,19,2705,153,14,0,1,10
16,2009,20,2493,138,5,0,0,4
16,2009,21,2517,139,13,0,2,9
16,2009,22,2370,158,2,0,0,1
16,2009,23,2548,156,10,0,0,5
16,2009,24,2434,180,9,0,0,0
16,2009,25,2581,172,12,0,0,0
16,2009,26,2554,239,10,0,1,2
16,2009,27,2489,220,7,0,0,0
16,2009,28,2548,181,12,0,0,0
16,2009,29,2580,187,6,0,0,0
16,2009,30,2401,188,12,0,0,0
16,2009,31,2618,188,12,0,0,0
16,2009,32,3037,251,8,0,0,1
16,2009,33,2930,220,10,2,0,0
16,2009,34,2795,206,0,0,0,0
16,2009,35,2811,218,13,2,1,0
16,2009,36,2649,184,11,0,0,0
16,2009,37,2835,208,18,7,1,0
16,2009,38,2818,185,9,7,1,0
16,2009,39,3027,327,8,3,0,0
16,2009,40,3153,308,8,6,0,0
16,2009,41,3110,317,10,4,1,0
16,2009,42,2981,270,8,5,2,0
16,2009,43,3007,284,11,4,0,1
16,2009,44,3786,287,13,1,1,0
16,2009,45,3414,306,6,0,0,0
16,2009,46,3263,395,14,6,1,0
16,2009,47,3231,268,8,2,1,0
16,2009,48,2722,196,10,1,1,0
16,2009,49,2914,216,10,1,0,0
16,2009,50,3089,169,6,0,2,0
16,2009,51,2996,227,10,0,2,0
16,2009,52,2994,206,10,0,1,0
16,2010,1,2941,191,7,0,3,0
16,2010,2,2910,185,6,0,1,0
16,2010,3,2601,173,12,0,0,0
16,2010,4,2810,140,8,0,1,0
16,2010,5,2995,133,5,2,0,0
16,2010,6,NA,NA,NA,NA,NA,NA
16,2010,7,NA,NA,NA,NA,NA,NA
16,2010,8,2646,202,11,0,0,0
16,2010,9,2628,162,8,0,0,0
16,2010,10,2991,153,5,0,0,0
16,2010,11,2692,132,7,0,0,0
16,2010,12,2515,132,11,0,0,0
16,2010,13,2727,141,11,0,1,0
16,2010,14,NA,NA,NA,NA,NA,NA
16,2010,15,2613,128,12,0,0,0
16,2010,16,2468,136,9,0,0,0
16,2010,17,2523,121,10,0,0,0
16,2010,18,3061,133,13,0,0,0
16,2010,19,3010,146,7,0,0,0
16,2010,20,3010,133,9,0,0,0
16,2010,21,2652,126,8,0,0,0
16,2010,22,2575,96,9,0,0,0
16,2010,23,2686,95,17,0,0,3
16,2010,24,2355,125,12,0,1,2
16,2010,25,2804,129,13,0,1,3
16,2010,26,2747,90,11,0,0,1
16,2010,27,2836,110,8,0,0,1
16,2010,28,2988,127,10,0,2,2
16,2010,29,3506,151,15,1,2,2
16,2010,30,3251,146,10,0,2,5
16,2010,31,3661,155,6,0,0,4
16,2010,32,3410,135,13,0,0,9
16,2010,33,3198,130,9,0,0,3
16,2010,34,3195,159,10,0,2,0
16,2010,35,2817,141,10,0,1,4
16,2010,36,3604,138,10,0,2,1
16,2010,37,3380,146,9,0,3,0
16,2010,38,3654,179,11,0,1,0
16,2010,39,3698,157,10,0,5,0
16,2010,40,3672,158,10,0,4,0
16,2010,41,3539,152,12,0,4,0
16,2010,42,NA,NA,NA,NA,NA,NA
16,2010,43,3784,165,13,0,2,0
16,2010,44,384,145,11,0,5,0
16,2010,45,3638,139,9,0,3,1
16,2010,46,3224,114,11,0,4,0
16,2010,47,3338,139,14,0,6,0
16,2010,48,3526,157,12,1,2,0
16,2010,49,3747,140,6,1,2,0
16,2010,50,NA,NA,NA,NA,NA,NA
16,2010,51,NA,NA,NA,NA,NA,NA
16,2010,52,NA,NA,NA,NA,NA,NA
16,2011,1,NA,NA,NA,NA,NA,NA
16,2011,2,NA,NA,NA,NA,NA,NA
16,2011,3,NA,NA,NA,NA,NA,NA
16,2011,4,NA,NA,NA,NA,NA,NA
16,2011,5,NA,NA,NA,NA,NA,NA
16,2011,6,NA,NA,NA,NA,NA,NA
16,2011,7,NA,NA,NA,NA,NA,NA
16,2011,8,NA,NA,NA,NA,NA,NA
16,2011,9,NA,NA,NA,NA,NA,NA
16,2011,10,NA,NA,NA,NA,NA,NA
16,2011,11,NA,NA,NA,NA,NA,NA
16,2011,12,NA,NA,NA,NA,NA,NA
16,2011,13,NA,NA,NA,NA,NA,NA
16,2011,14,NA,NA,NA,NA,NA,NA
16,2011,15,NA,NA,NA,NA,NA,NA
16,2011,16,NA,NA,NA,NA,NA,NA
16,2011,17,NA,NA,NA,NA,NA,NA
16,2011,18,3175,64,8,2,0,0
16,2011,19,3546,74,12,2,0,0
16,2011,20,3512,77,12,3,0,0
16,2011,21,3313,63,11,3,0,0
16,2011,22,3288,74,12,5,0,0
16,2011,23,3564,61,9,3,0,0
16,2011,24,3870,82,10,1,0,0
16,2011,25,3473,72,10,0,0,0
16,2011,26,3511,82,8,0,0,0
16,2011,27,98,98,25,4,0,0
16,2011,28,3631,98,18,1,0,0
16,2011,29,3660,79,29,0,0,0
16,2011,30,3471,98,25,2,0,0
16,2011,31,4038,103,23,4,0,0
16,2011,32,3405,97,24,4,0,0
16,2011,33,3411,86,25,2,0,0
16,2011,34,3695,91,20,1,0,0
16,2011,35,3220,99,26,7,0,0
16,2011,36,3705,118,18,2,0,0
16,2011,37,3407,107,22,2,0,0
16,2011,38,3684,89,22,4,0,0
16,2011,39,3576,122,19,5,0,0
16,2011,40,NA,NA,NA,NA,NA,NA
16,2011,41,NA,NA,NA,NA,NA,NA
16,2011,42,NA,NA,NA,NA,NA,NA
16,2011,43,NA,NA,NA,NA,NA,NA
16,2011,44,NA,NA,NA,NA,NA,NA
16,2011,45,NA,NA,NA,NA,NA,NA
16,2011,46,NA,NA,NA,NA,NA,NA
16,2011,47,NA,NA,NA,NA,NA,NA
16,2011,48,NA,NA,NA,NA,NA,NA
16,2011,49,NA,NA,NA,NA,NA,NA
16,2011,50,NA,NA,NA,NA,NA,NA
16,2011,51,NA,NA,NA,NA,NA,NA
16,2011,52,NA,NA,NA,NA,NA,NA
16,2012,1,NA,NA,NA,NA,NA,NA
16,2012,2,NA,NA,NA,NA,NA,NA
16,2012,3,NA,NA,NA,NA,NA,NA
16,2012,4,NA,NA,NA,NA,NA,NA
16,2012,5,NA,NA,NA,NA,NA,NA
16,2012,6,NA,NA,NA,NA,NA,NA
16,2012,7,NA,NA,NA,NA,NA,NA
16,2012,8,NA,NA,NA,NA,NA,NA
16,2012,9,NA,NA,NA,NA,NA,NA
16,2012,10,NA,NA,NA,NA,NA,NA
16,2012,11,NA,NA,NA,NA,NA,NA
16,2012,12,NA,NA,NA,NA,NA,NA
16,2012,13,NA,NA,NA,NA,NA,NA
16,2012,14,NA,NA,NA,NA,NA,NA
16,2012,15,NA,NA,NA,NA,NA,NA
16,2012,16,NA,NA,NA,NA,NA,NA
16,2012,17,NA,NA,NA,NA,NA,NA
16,2012,18,NA,NA,NA,NA,NA,NA
16,2012,19,NA,NA,NA,NA,NA,NA
16,2012,20,NA,NA,NA,NA,NA,NA
16,2012,21,4457,40,0,0,0,0
16,2012,22,NA,NA,NA,NA,NA,NA
16,2012,23,NA,NA,NA,NA,NA,NA
16,2012,24,NA,NA,NA,NA,NA,NA
16,2012,25,NA,NA,NA,NA,NA,NA
16,2012,26,NA,NA,NA,NA,NA,NA
16,2012,27,NA,NA,NA,NA,NA,NA
16,2012,28,NA,NA,NA,NA,NA,NA
16,2012,29,NA,NA,NA,NA,NA,NA
16,2012,30,NA,NA,NA,NA,NA,NA
16,2012,31,NA,NA,NA,NA,NA,NA
16,2012,32,NA,NA,NA,NA,NA,NA
16,2012,33,NA,NA,NA,NA,NA,NA
16,2012,34,NA,NA,NA,NA,NA,NA
16,2012,35,NA,NA,NA,NA,NA,NA
16,2012,36,NA,NA,NA,NA,NA,NA
16,2012,37,NA,NA,NA,NA,NA,NA
16,2012,38,4473,79,11,0,1,1
16,2012,39,4240,120,9,0,2,0
16,2012,40,4681,72,8,0,2,0
16,2012,41,5011,45,10,0,3,0
16,2012,42,4653,62,8,0,1,0
16,2012,43,4782,67,6,0,1,0
16,2012,44,5374,59,10,0,3,0
16,2012,45,5247,61,11,0,1,0
16,2012,46,4697,74,8,0,0,2
16,2012,47,4288,100,12,0,3,1
16,2012,48,4629,119,10,0,4,0
16,2012,49,4514,70,9,0,2,0
16,2012,50,4422,81,7,0,1,0
16,2012,51,4060,46,7,0,1,0
16,2012,52,4155,70,10,0,0,0
16,2013,1,3325,62,7,0,0,0
16,2013,2,4516,77,9,1,1,0
16,2013,3,4359,57,10,0,0,0
16,2013,4,4074,41,10,0,0,0
16,2013,5,4488,42,8,0,0,0
16,2013,6,3897,30,8,0,0,0
16,2013,7,NA,NA,NA,NA,NA,NA
16,2013,8,4679,57,7,0,0,0
16,2013,9,4397,62,11,0,0,0
16,2013,10,4971,37,9,0,0,1
16,2013,11,3973,72,8,0,1,0
16,2013,12,3693,64,9,0,0,0
16,2013,13,3903,44,6,0,0,0
16,2013,14,3601,67,8,1,0,0
16,2013,15,4294,68,7,1,0,0
16,2013,16,3657,50,7,1,0,0
16,2013,17,2977,49,7,1,0,0
16,2013,18,2267,22,8,1,0,1
16,2013,19,4557,35,10,1,0,0
16,2013,20,4192,41,7,2,0,0
16,2013,21,4457,40,8,2,0,1
16,2013,22,4290,57,9,0,0,0
16,2013,23,4840,48,8,2,0,5
16,2013,24,4125,43,8,2,0,1
16,2013,25,4106,50,9,4,0,4
16,2013,26,4182,54,7,3,0,2
16,2013,27,4495,79,0,0,0,0
16,2013,28,4426,102,0,0,0,0
16,2013,29,3956,56,0,0,0,0
16,2013,30,4315,85,0,0,0,0
16,2013,31,4429,74,0,0,0,0
16,2013,32,4645,51,0,0,0,0
16,2013,33,3918,61,0,0,0,0
16,2013,34,4103,67,2,0,0,0
16,2013,35,4274,59,3,0,0,1
16,2013,36,4186,25,8,0,0,0
16,2013,37,4298,58,3,0,0,0
16,2013,38,4373,40,4,0,0,0
16,2013,39,4434,36,7,1,0,1
16,2013,40,4844,45,5,0,1,0
16,2013,41,4011,67,4,0,0,1
16,2013,42,4340,48,7,0,0,1
16,2013,43,4009,42,9,0,0,0
16,2013,44,4187,53,11,0,0,0
16,2013,45,4664,61,5,0,0,1
16,2013,46,4302,65,7,0,0,2
16,2013,47,4383,53,10,0,2,1
16,2013,48,4126,44,5,0,0,0
16,2013,49,4438,69,9,0,0,0
16,2013,50,4172,52,9,0,1,0
16,2013,51,3818,51,5,0,2,0
16,2013,52,4093,40,4,0,0,0
16,2014,1,NA,NA,NA,NA,NA,NA
16,2014,2,NA,NA,NA,NA,NA,NA
16,2014,3,NA,NA,NA,NA,NA,NA
16,2014,4,NA,NA,NA,NA,NA,NA
16,2014,5,NA,NA,NA,NA,NA,NA
16,2014,6,NA,NA,NA,NA,NA,NA
16,2014,7,NA,NA,NA,NA,NA,NA
16,2014,8,NA,NA,NA,NA,NA,NA
16,2014,9,NA,NA,NA,NA,NA,NA
16,2014,10,NA,NA,NA,NA,NA,NA
16,2014,11,NA,NA,NA,NA,NA,NA
16,2014,12,NA,NA,NA,NA,NA,NA
16,2014,13,NA,NA,NA,NA,NA,NA
16,2014,14,NA,NA,NA,NA,NA,NA
16,2014,15,NA,NA,NA,NA,NA,NA
16,2014,16,NA,NA,NA,NA,NA,NA
16,2014,17,NA,NA,NA,NA,NA,NA
16,2014,18,NA,NA,NA,NA,NA,NA
16,2014,19,NA,NA,NA,NA,NA,NA
16,2014,20,NA,NA,NA,NA,NA,NA
16,2014,21,NA,NA,NA,NA,NA,NA
16,2014,22,NA,NA,NA,NA,NA,NA
16,2014,23,NA,NA,NA,NA,NA,NA
16,2014,24,NA,NA,NA,NA,NA,NA
16,2014,25,NA,NA,NA,NA,NA,NA
16,2014,26,NA,NA,NA,NA,NA,NA
16,2014,27,NA,NA,NA,NA,NA,NA
16,2014,28,NA,NA,NA,NA,NA,NA
16,2014,29,NA,NA,NA,NA,NA,NA
16,2014,30,NA,NA,NA,NA,NA,NA
16,2014,31,NA,NA,NA,NA,NA,NA
16,2014,32,NA,NA,NA,NA,NA,NA
16,2014,33,NA,NA,NA,NA,NA,NA
16,2014,34,NA,NA,NA,NA,NA,NA
16,2014,35,NA,NA,NA,NA,NA,NA
16,2014,36,NA,NA,NA,NA,NA,NA
16,2014,37,3214,110,10,0,4,0
16,2014,38,3539,107,11,0,4,0
16,2014,39,4536,115,11,0,6,0
16,2014,40,4264,95,10,0,5,0
16,2014,41,4530,120,9,0,2,0
16,2014,42,4276,124,10,0,4,0
16,2014,43,2390,109,9,0,4,0
16,2014,44,2284,98,9,0,5,0
16,2014,45,4657,111,5,0,1,0
16,2014,46,4290,140,10,0,4,0
16,2014,47,4153,128,10,0,4,0
16,2014,48,2185,143,7,0,1,0
16,2014,49,4366,128,7,0,4,0
16,2014,50,4121,97,6,0,1,0
16,2014,51,4044,113,7,0,1,0
16,2014,52,3392,83,3,0,0,0
16,2015,1,NA,NA,NA,NA,NA,NA
16,2015,2,NA,NA,NA,NA,NA,NA
16,2015,3,NA,NA,NA,NA,NA,NA
16,2015,4,NA,NA,NA,NA,NA,NA
16,2015,5,NA,NA,NA,NA,NA,NA
16,2015,6,NA,NA,NA,NA,NA,NA
16,2015,7,NA,NA,NA,NA,NA,NA
16,2015,8,NA,NA,NA,NA,NA,NA
16,2015,9,NA,NA,NA,NA,NA,NA
16,2015,10,NA,NA,NA,NA,NA,NA
16,2015,11,NA,NA,NA,NA,NA,NA
16,2015,12,NA,NA,NA,NA,NA,NA
16,2015,13,NA,NA,NA,NA,NA,NA
16,2015,14,NA,NA,NA,NA,NA,NA
16,2015,15,NA,NA,NA,NA,NA,NA
16,2015,16,NA,NA,NA,NA,NA,NA
16,2015,17,NA,NA,NA,NA,NA,NA
16,2015,18,NA,NA,NA,NA,NA,NA
16,2015,19,NA,NA,NA,NA,NA,NA
16,2015,20,NA,NA,NA,NA,NA,NA
16,2015,21,NA,NA,NA,NA,NA,NA
16,2015,22,NA,NA,NA,NA,NA,NA
16,2015,23,3018,57,1,0,0,0
16,2015,24,2913,44,7,0,0,1
16,2015,25,NA,NA,NA,NA,NA,NA
16,2015,26,NA,NA,NA,NA,NA,NA
16,2015,27,3976,37,8,0,0,4
16,2015,28,3863,37,9,0,0,4
16,2015,29,3936,25,5,0,0,3
16,2015,30,4352,35,12,0,0,5
16,2015,31,4181,31,7,0,0,0
16,2015,32,4795,37,10,1,0,5
16,2015,33,1817,134,8,0,0,1
16,2015,34,1865,105,11,0,0,5
16,2015,35,1564,112,10,0,0,0
16,2015,36,1700,100,9,0,0,3
16,2015,37,1943,122,8,0,0,0
16,2015,38,1926,89,11,0,0,2
16,2015,39,3739,29,11,2,0,1
16,2015,40,1884,90,8,1,0,2
16,2015,41,2108,119,8,0,0,1
16,2015,42,3925,34,0,0,0,0
16,2015,43,4547,51,0,0,0,0
16,2015,44,4210,39,0,0,0,0
16,2015,45,NA,NA,NA,NA,NA,NA
16,2015,46,NA,NA,NA,NA,NA,NA
16,2015,47,NA,NA,NA,NA,NA,NA
16,2015,48,NA,NA,NA,NA,NA,NA
16,2015,49,NA,NA,NA,NA,NA,NA
16,2015,50,NA,NA,NA,NA,NA,NA
16,2015,51,NA,NA,NA,NA,NA,NA
16,2015,52,NA,NA,NA,NA,NA,NA
